id,省,市,区,街道,社区,X,Y,cp,L1,L2,L3
213,安徽省,亳州市,利辛县,城关镇,前进社区居委会,116.205654,33.150276,"116.205654,33.110276","116.205654,33.190276","116.175654,33.150276","116.235654,33.150276"
214,安徽省,亳州市,利辛县,江集镇,郑大楼村委会,116.166886,33.30049,"116.166886,33.26049","116.166886,33.34049","116.136886,33.30049","116.196886,33.30049"
215,安徽省,亳州市,利辛县,王市镇,前潘村委会,116.090438,33.184269,"116.090438,33.144269","116.090438,33.224269","116.060438,33.184269","116.120438,33.184269"
216,安徽省,亳州市,利辛县,中疃镇,中疃村委会,116.31422,33.183952,"116.31422,33.143952","116.31422,33.223952","116.28422,33.183952","116.34422,33.183952"
220,安徽省,池州市,贵池区,安徽贵池工业园,贵池工业园虚拟居委会,117.566505,30.708564,"117.566505,30.668564","117.566505,30.748564","117.536505,30.708564","117.596505,30.708564"
218,安徽省,池州市,贵池区,墩上街道办事处,河口村委会,117.727482,30.641032,"117.727482,30.601032","117.727482,30.681032","117.697482,30.641032","117.757482,30.641032"
219,安徽省,池州市,贵池区,涓桥镇,桂畈村委会,117.41933,30.528477,"117.41933,30.488477","117.41933,30.568477","117.38933,30.528477","117.44933,30.528477"
217,安徽省,池州市,贵池区,清风街道办事处,沿江居委会,117.496948,30.677744,"117.496948,30.637744","117.496948,30.717744","117.466948,30.677744","117.526948,30.677744"
203,安徽省,阜阳市,颍州区,程集镇,时庙村委会,115.716831,32.91353,"115.716831,32.87353","115.716831,32.95353","115.686831,32.91353","115.746831,32.91353"
204,安徽省,阜阳市,颍州区,马寨乡,庙东村,115.501521,32.891848,"115.501521,32.851848","115.501521,32.931848","115.471521,32.891848","115.531521,32.891848"
201,安徽省,阜阳市,颍州区,文峰街道办事处,奎星社区居委会,115.83209,32.899733,"115.83209,32.859733","115.83209,32.939733","115.80209,32.899733","115.86209,32.899733"
202,安徽省,阜阳市,颍州区,颍西街道办事处,代郢村委会,115.803651,32.910939,"115.803651,32.870939","115.803651,32.950939","115.773651,32.910939","115.833651,32.910939"
206,安徽省,合肥市,巢湖市,凤凰山街道办事处,东塘居委会,117.89215,31.611322,"117.89215,31.571322","117.89215,31.651322","117.86215,31.611322","117.92215,31.611322"
208,安徽省,合肥市,巢湖市,炀镇,炀居委会,117.642715,31.690529,"117.642715,31.650529","117.642715,31.730529","117.612715,31.690529","117.672715,31.690529"
205,安徽省,合肥市,巢湖市,亚父街道办事处,洗耳池居委会,117.878358,31.600931,"117.878358,31.560931","117.878358,31.640931","117.848358,31.600931","117.908358,31.600931"
207,安徽省,合肥市,巢湖市,柘皋镇,兴坝村委会,117.755356,31.782746,"117.755356,31.742746","117.755356,31.822746","117.725356,31.782746","117.785356,31.782746"
193,安徽省,淮南市,凤台县,城关镇,青年社区居民委员会,116.736118,32.700195,"116.736118,32.660195","116.736118,32.740195","116.706118,32.700195","116.766118,32.700195"
195,安徽省,淮南市,凤台县,桂集镇,大冯村委会,116.592419,32.782891,"116.592419,32.742891","116.592419,32.822891","116.562419,32.782891","116.622419,32.782891"
196,安徽省,淮南市,凤台县,钱庙乡,先庄村委会,116.414443,32.875767,"116.414443,32.835767","116.414443,32.915767","116.384443,32.875767","116.444443,32.875767"
194,安徽省,淮南市,凤台县,岳张集镇,寺沟村委会,116.531781,32.761515,"116.531781,32.721515","116.531781,32.801515","116.501781,32.761515","116.561781,32.761515"
209,安徽省,六安市,舒城县,城关镇,东苑社区居委会,116.959543,31.472232,"116.959543,31.432232","116.959543,31.512232","116.929543,31.472232","116.989543,31.472232"
211,安徽省,六安市,舒城县,南港镇,南港街道居委会,116.996612,31.382687,"116.996612,31.342687","116.996612,31.422687","116.966612,31.382687","117.026612,31.382687"
212,安徽省,六安市,舒城县,汤池镇,常院村委会,116.89325,31.242633,"116.89325,31.202633","116.89325,31.282633","116.86325,31.242633","116.92325,31.242633"
210,安徽省,六安市,舒城县,晓天镇,南岳村委会,116.599654,31.197467,"116.599654,31.157467","116.599654,31.237467","116.569654,31.197467","116.629654,31.197467"
198,安徽省,马鞍山市,雨山区,安民街道,花园社区居委会,118.509007,31.677875,"118.509007,31.637875","118.509007,31.717875","118.479007,31.677875","118.539007,31.677875"
200,安徽省,马鞍山市,雨山区,佳山乡,三联村委会,118.535008,31.657997,"118.535008,31.617997","118.535008,31.697997","118.505008,31.657997","118.565008,31.657997"
197,安徽省,马鞍山市,雨山区,平湖街道,湖西社区居委会,118.500651,31.696784,"118.500651,31.656784","118.500651,31.736784","118.470651,31.696784","118.530651,31.696784"
199,安徽省,马鞍山市,雨山区,向山镇,石山社区居委会,118.608834,31.671123,"118.608834,31.631123","118.608834,31.711123","118.578834,31.671123","118.638834,31.671123"
10,北京市,北京市,东城区,东四街道办事处,南门仓社区,116.430479,39.93676,"116.430479,39.89676","116.430479,39.97676","116.400479,39.93676","116.460479,39.93676"
11,北京市,北京市,东城区,东直门街道办事处,清水苑社区居委会,116.448294,39.936539,"116.448294,39.896539","116.448294,39.976539","116.418294,39.936539","116.478294,39.936539"
12,北京市,北京市,东城区,和平里街道办事处,西河沿社区居委会,116.430346,39.962494,"116.430346,39.922494","116.430346,40.002494","116.400346,39.962494","116.460346,39.962494"
9,北京市,北京市,东城区,交道口街道办事处,菊儿社区居委会,116.412049,39.945663,"116.412049,39.905663","116.412049,39.985663","116.382049,39.945663","116.442049,39.945663"
16,北京市,北京市,怀柔区,怀北镇,东庄村委会,116.709208,40.398539,"116.709208,40.358539","116.709208,40.438539","116.679208,40.398539","116.739208,40.398539"
14,北京市,北京市,怀柔区,龙山街道办事处,望怀社区居委会,116.646622,40.321441,"116.646622,40.281441","116.646622,40.361441","116.616622,40.321441","116.676622,40.321441"
15,北京市,北京市,怀柔区,庙城镇,庙城社区居委会,116.638176,40.298522,"116.638176,40.258522","116.638176,40.338522","116.608176,40.298522","116.668176,40.298522"
13,北京市,北京市,怀柔区,泉河街道办事处,北园社区居委会,116.637156,40.327884,"116.637156,40.287884","116.637156,40.367884","116.607156,40.327884","116.667156,40.327884"
222,福建省,福州市,福清市,龙田镇,树下村委会,119.245577,25.275902,"119.245577,25.235902","119.245577,25.315902","119.215577,25.275902","119.275577,25.275902"
223,福建省,福州市,福清市,三山镇,鳌峰村委会/鳖峰村委会,119.534266,25.521956,"119.534266,25.481956","119.534266,25.561956","119.504266,25.521956","119.564266,25.521956"
224,福建省,福州市,福清市,一都镇,普礼村委会,119.221197,25.771017,"119.221197,25.731017","119.221197,25.811017","119.191197,25.771017","119.251197,25.771017"
221,福建省,福州市,福清市,音西街道,凤山居委会,119.375256,25.735219,"119.375256,25.695219","119.375256,25.775219","119.345256,25.735219","119.405256,25.735219"
230,福建省,莆田市,城厢区,凤凰山街道,筱塘社区居委会,119.007633,25.433259,"119.007633,25.393259","119.007633,25.473259","118.977633,25.433259","119.037633,25.433259"
232,福建省,莆田市,城厢区,华亭镇,南湖村委会,118.884553,25.363744,"118.884553,25.323744","118.884553,25.403744","118.854553,25.363744","118.914553,25.363744"
229,福建省,莆田市,城厢区,龙桥街道,太平社区居委会,119.008273,25.447221,"119.008273,25.407221","119.008273,25.487221","118.978273,25.447221","119.038273,25.447221"
231,福建省,莆田市,城厢区,霞林街道,屿上村委会,119.011145,25.426968,"119.011145,25.386968","119.011145,25.466968","118.981145,25.426968","119.041145,25.426968"
233,福建省,三明市,尤溪县,城关镇,西门居委会,118.190638,26.174647,"118.190638,26.134647","118.190638,26.214647","118.160638,26.174647","118.220638,26.174647"
234,福建省,三明市,尤溪县,西滨镇,际后村委会,118.338457,26.397305,"118.338457,26.357305","118.338457,26.437305","118.308457,26.397305","118.368457,26.397305"
235,福建省,三明市,尤溪县,西城镇,团结村委会,118.155382,26.166953,"118.155382,26.126953","118.155382,26.206953","118.125382,26.166953","118.185382,26.166953"
236,福建省,三明市,尤溪县,中仙乡,竹峰村委会,118.383566,25.952784,"118.383566,25.912784","118.383566,25.992784","118.353566,25.952784","118.413566,25.952784"
225,福建省,厦门市,湖里区,殿前街道,兴隆社区居委会,118.127478,24.515964,"118.127478,24.475964","118.127478,24.555964","118.097478,24.515964","118.157478,24.515964"
226,福建省,厦门市,湖里区,禾山街道,枋湖社区居委会,118.144392,24.517952,"118.144392,24.477952","118.144392,24.557952","118.114392,24.517952","118.174392,24.517952"
227,福建省,厦门市,湖里区,江头街道,园山社区居委会,118.137437,24.512861,"118.137437,24.472861","118.137437,24.552861","118.107437,24.512861","118.167437,24.512861"
228,福建省,厦门市,湖里区,金山街道,后坑社区居委会,118.166584,24.506287,"118.166584,24.466287","118.166584,24.546287","118.136584,24.506287","118.196584,24.506287"
581,甘肃省,临夏回族自治州,永靖县,刘家峡镇,川北居委会,103.32798,35.948668,"103.32798,35.908668","103.32798,35.988668","103.29798,35.948668","103.35798,35.948668"
582,甘肃省,临夏回族自治州,永靖县,太极镇,大川村委会,103.263278,35.981178,"103.263278,35.941178","103.263278,36.021178","103.233278,35.981178","103.293278,35.981178"
583,甘肃省,临夏回族自治州,永靖县,岘塬镇,尤塬村委会,103.278048,35.913431,"103.278048,35.873431","103.278048,35.953431","103.248048,35.913431","103.308048,35.913431"
584,甘肃省,临夏回族自治州,永靖县,新寺乡,三湾村,103.033365,36.049765,"103.033365,36.009765","103.033365,36.089765","103.003365,36.049765","103.063365,36.049765"
573,甘肃省,天水市,秦州区,东关街道办事处,仁和里社区居委会,105.738001,34.586436,"105.738001,34.546436","105.738001,34.626436","105.708001,34.586436","105.768001,34.586436"
576,甘肃省,天水市,秦州区,秦岭乡,龙集寨村民委员会,105.482413,34.448037,"105.482413,34.408037","105.482413,34.488037","105.452413,34.448037","105.512413,34.448037"
574,甘肃省,天水市,秦州区,天水郡街道办事处,莲亭社区居委会,105.698079,34.576852,"105.698079,34.536852","105.698079,34.616852","105.668079,34.576852","105.728079,34.576852"
575,甘肃省,天水市,秦州区,汪川镇,大吕村民委员会,105.581149,34.187362,"105.581149,34.147362","105.581149,34.227362","105.551149,34.187362","105.611149,34.187362"
579,甘肃省,天水市,张家川回族自治县,川王乡,大庄村民委员会,106.175014,35.0867,"106.175014,35.0467","106.175014,35.1267","106.145014,35.0867","106.205014,35.0867"
577,甘肃省,天水市,张家川回族自治县,龙山镇,西街社区居委会,106.093237,35.041466,"106.093237,35.001466","106.093237,35.081466","106.063237,35.041466","106.123237,35.041466"
580,甘肃省,天水市,张家川回族自治县,马鹿乡,龙口村民委员会,106.4608,34.946529,"106.4608,34.906529","106.4608,34.986529","106.4308,34.946529","106.4908,34.946529"
578,甘肃省,天水市,张家川回族自治县,张棉乡,张棉村民委员会,106.241559,35.147421,"106.241559,35.107421","106.241559,35.187421","106.211559,35.147421","106.271559,35.147421"
437,广东省,东莞市,东莞市市,东城街道,周屋居委会,113.835727,23.075359,"113.835727,23.035359","113.835727,23.115359","113.805727,23.075359","113.865727,23.075359"
440,广东省,东莞市,东莞市市,虎门镇,镇口社区居民委员会,113.665964,22.836852,"113.665964,22.796852","113.665964,22.876852","113.635964,22.836852","113.695964,22.836852"
439,广东省,东莞市,东莞市市,塘厦镇,林村社区居民委员会,114.092529,22.842746,"114.092529,22.802746","114.092529,22.882746","114.062529,22.842746","114.122529,22.842746"
438,广东省,东莞市,东莞市市,谢岗镇,谢岗村村民委员会,114.147948,22.978239,"114.147948,22.938239","114.147948,23.018239","114.117948,22.978239","114.177948,22.978239"
400,广东省,佛山市,南海区,大沥镇,横江社区居民委员会,112.919172,23.109994,"112.919172,23.069994","112.919172,23.149994","112.889172,23.109994","112.949172,23.109994"
397,广东省,佛山市,南海区,桂城街道,大德居委会,113.200699,23.039639,"113.200699,22.999639","113.200699,23.079639","113.170699,23.039639","113.230699,23.039639"
398,广东省,佛山市,南海区,九江镇,上西村民委员会,112.988607,22.842197,"112.988607,22.802197","112.988607,22.882197","112.958607,22.842197","113.018607,22.842197"
399,广东省,佛山市,南海区,狮山镇,沙头村民委员会,113.013931,23.128241,"113.013931,23.088241","113.013931,23.168241","112.983931,23.128241","113.043931,23.128241"
430,广东省,河源市,龙川县,登云镇,双桥村委会,115.400112,24.079085,"115.400112,24.039085","115.400112,24.119085","115.370112,24.079085","115.430112,24.079085"
429,广东省,河源市,龙川县,老隆镇,吉祥一路居委会,115.248562,24.115074,"115.248562,24.075074","115.248562,24.155074","115.218562,24.115074","115.278562,24.115074"
431,广东省,河源市,龙川县,黎咀镇,石东村委会,115.339043,24.340849,"115.339043,24.300849","115.339043,24.380849","115.309043,24.340849","115.369043,24.340849"
432,广东省,河源市,龙川县,麻布岗镇,联中村委会,115.446162,24.562203,"115.446162,24.522203","115.446162,24.602203","115.416162,24.562203","115.476162,24.562203"
408,广东省,江门市,恩平市,大槐镇,沙栏村民委员会,112.273538,22.139847,"112.273538,22.099847","112.273538,22.179847","112.243538,22.139847","112.303538,22.139847"
405,广东省,江门市,恩平市,恩城街道,青云社区居委会,112.323318,22.186869,"112.323318,22.146869","112.323318,22.226869","112.293318,22.186869","112.353318,22.186869"
406,广东省,江门市,恩平市,横陂镇,横南村民委员会,112.334194,22.042907,"112.334194,22.002907","112.334194,22.082907","112.304194,22.042907","112.364194,22.042907"
407,广东省,江门市,恩平市,牛江镇,牛江墟镇居委会,112.452357,22.392053,"112.452357,22.352053","112.452357,22.432053","112.422357,22.392053","112.482357,22.392053"
403,广东省,江门市,鹤山市,鹤城镇,坪山村委会,112.786184,22.619606,"112.786184,22.579606","112.786184,22.659606","112.756184,22.619606","112.816184,22.619606"
401,广东省,江门市,鹤山市,沙坪街道,新业社区居民委员会,112.987042,22.787218,"112.987042,22.747218","112.987042,22.827218","112.957042,22.787218","113.017042,22.787218"
404,广东省,江门市,鹤山市,双合镇,合成村委会,112.518657,22.702686,"112.518657,22.662686","112.518657,22.742686","112.488657,22.702686","112.548657,22.702686"
402,广东省,江门市,鹤山市,雅瑶镇,大岗社区居民委员会,113.019996,22.828535,"113.019996,22.788535","113.019996,22.868535","112.989996,22.828535","113.049996,22.828535"
421,广东省,茂名市,茂港区,高地街道,粤海社区居委会,110.991788,21.442805,"110.991788,21.402805","110.991788,21.482805","110.961788,21.442805","111.021788,21.442805"
423,广东省,茂名市,茂港区,坡心镇,上吴村委会,110.987915,21.647683,"110.987915,21.607683","110.987915,21.687683","110.957915,21.647683","111.017915,21.647683"
424,广东省,茂名市,茂港区,小良镇,龙山村委会,110.897428,21.511671,"110.897428,21.471671","110.897428,21.551671","110.867428,21.511671","110.927428,21.511671"
422,广东省,茂名市,茂港区,羊角镇,南香村委会,110.966736,21.688715,"110.966736,21.648715","110.966736,21.728715","110.936736,21.688715","110.996736,21.688715"
425,广东省,梅州市,五华县,梅林镇,新塘村委会,115.597181,23.676524,"115.597181,23.636524","115.597181,23.716524","115.567181,23.676524","115.627181,23.676524"
428,广东省,梅州市,五华县,棉洋镇,绿水村委会,115.720966,23.635298,"115.720966,23.595298","115.720966,23.675298","115.690966,23.635298","115.750966,23.635298"
426,广东省,梅州市,五华县,水寨镇,公园社区居委会,115.788904,23.919427,"115.788904,23.879427","115.788904,23.959427","115.758904,23.919427","115.818904,23.919427"
427,广东省,梅州市,五华县,长布镇,太坪村委会,115.451459,23.804768,"115.451459,23.764768","115.451459,23.844768","115.421459,23.804768","115.481459,23.804768"
435,广东省,清远市,英德市,舱,光南居委会,113.141232,24.269136,"113.141232,24.229136","113.141232,24.309136","113.111232,24.269136","113.171232,24.269136"
434,广东省,清远市,英德市,横石水镇,新星村委会,112.946809,23.971358,"112.946809,23.931358","112.946809,24.011358","112.916809,23.971358","112.976809,23.971358"
436,广东省,清远市,英德市,黎溪镇,黎溪居委会,113.278687,23.93579,"113.278687,23.89579","113.278687,23.97579","113.248687,23.93579","113.308687,23.93579"
433,广东省,清远市,英德市,英城街道,城中居委会,113.411238,24.193311,"113.411238,24.153311","113.411238,24.233311","113.381238,24.193311","113.441238,24.193311"
394,广东省,汕头市,金平区,大华街道,炽昌居委会,116.69432,23.364546,"116.69432,23.324546","116.69432,23.404546","116.66432,23.364546","116.72432,23.364546"
395,广东省,汕头市,金平区,广厦街道,荷花居委会,116.721457,23.402531,"116.721457,23.362531","116.721457,23.442531","116.691457,23.402531","116.751457,23.402531"
393,广东省,汕头市,金平区,金砂街道,大窖居委会,116.69318,23.382282,"116.69318,23.342282","116.69318,23.422282","116.66318,23.382282","116.72318,23.382282"
396,广东省,汕头市,金平区,D莲街道,饶平居委会,116.606802,23.427663,"116.606802,23.387663","116.606802,23.467663","116.576802,23.427663","116.636802,23.427663"
412,广东省,湛江市,坡头区,龙头镇,山塘村委会,110.596483,21.443259,"110.596483,21.403259","110.596483,21.483259","110.566483,21.443259","110.626483,21.443259"
410,广东省,湛江市,坡头区,南三镇,南米村委会,110.512726,21.28382,"110.512726,21.24382","110.512726,21.32382","110.482726,21.28382","110.542726,21.28382"
409,广东省,湛江市,坡头区,南调街道,海东居委会,110.459752,21.250476,"110.459752,21.210476","110.459752,21.290476","110.429752,21.250476","110.489752,21.250476"
411,广东省,湛江市,坡头区,坡头镇,五合村委会,110.511153,21.266344,"110.511153,21.226344","110.511153,21.306344","110.481153,21.266344","110.541153,21.266344"
416,广东省,湛江市,遂溪县,北坡镇,鹤门村委会,109.89763,21.227207,"109.89763,21.187207","109.89763,21.267207","109.86763,21.227207","109.92763,21.227207"
414,广东省,湛江市,遂溪县,黄略镇,冷水村委会,110.33258,21.32808,"110.33258,21.28808","110.33258,21.36808","110.30258,21.32808","110.36258,21.32808"
413,广东省,湛江市,遂溪县,遂城镇,府前社区居委会,110.254858,21.385096,"110.254858,21.345096","110.254858,21.425096","110.224858,21.385096","110.284858,21.385096"
415,广东省,湛江市,遂溪县,杨柑镇,协和村委会,109.876268,21.328409,"109.876268,21.288409","109.876268,21.368409","109.846268,21.328409","109.906268,21.328409"
418,广东省,湛江市,吴川市,海滨街道,塘尾居委会,110.760932,21.410938,"110.760932,21.370938","110.760932,21.450938","110.730932,21.410938","110.790932,21.410938"
417,广东省,湛江市,吴川市,梅街道,梅岭社区居委会,110.783811,21.449383,"110.783811,21.409383","110.783811,21.489383","110.753811,21.449383","110.813811,21.449383"
420,广东省,湛江市,吴川市,塘缀镇,西村委会,110.548273,21.476246,"110.548273,21.436246","110.548273,21.516246","110.518273,21.476246","110.578273,21.476246"
419,广东省,湛江市,吴川市,振文镇,大桥村委会,110.699007,21.403587,"110.699007,21.363587","110.699007,21.443587","110.669007,21.403587","110.729007,21.403587"
447,广西壮族自治区,北海市,合浦县,公馆镇,竹联村委会,109.614918,21.791609,"109.614918,21.751609","109.614918,21.831609","109.584918,21.791609","109.644918,21.791609"
445,广西壮族自治区,北海市,合浦县,廉州镇,阜民南社区居委会,109.198529,21.678068,"109.198529,21.638068","109.198529,21.718068","109.168529,21.678068","109.228529,21.678068"
448,广西壮族自治区,北海市,合浦县,石湾镇,垌心村委会,109.241931,21.771851,"109.241931,21.731851","109.241931,21.811851","109.211931,21.771851","109.271931,21.771851"
446,广西壮族自治区,北海市,合浦县,西场镇,镇东村委会,108.9841,21.635991,"108.9841,21.595991","108.9841,21.675991","108.9541,21.635991","109.0141,21.635991"
442,广西壮族自治区,桂林市,灵川县,定江镇,定江居委会,110.272771,25.349564,"110.272771,25.309564","110.272771,25.389564","110.242771,25.349564","110.302771,25.349564"
441,广西壮族自治区,桂林市,灵川县,灵川镇,八荣社区,110.332076,25.415515,"110.332076,25.375515","110.332076,25.455515","110.302076,25.415515","110.362076,25.415515"
444,广西壮族自治区,桂林市,灵川县,灵田乡,四联村委会,110.486245,25.347284,"110.486245,25.307284","110.486245,25.387284","110.456245,25.347284","110.516245,25.347284"
443,广西壮族自治区,桂林市,灵川县,青狮潭镇,九屋村委会,110.262419,25.533264,"110.262419,25.493264","110.262419,25.573264","110.232419,25.533264","110.292419,25.533264"
449,广西壮族自治区,河池市,凤山县,凤城镇,凤阳社区居委会,107.049305,24.548977,"107.049305,24.508977","107.049305,24.588977","107.019305,24.548977","107.079305,24.548977"
450,广西壮族自治区,河池市,凤山县,袍里乡,坡心村委会,107.067382,24.383471,"107.067382,24.343471","107.067382,24.423471","107.037382,24.383471","107.097382,24.383471"
451,广西壮族自治区,河池市,凤山县,乔音乡,巴甲村委会,106.986086,24.673837,"106.986086,24.633837","106.986086,24.713837","106.956086,24.673837","107.016086,24.673837"
452,广西壮族自治区,河池市,凤山县,中亭乡,中亭村委会,106.888443,24.478937,"106.888443,24.438937","106.888443,24.518937","106.858443,24.478937","106.918443,24.478937"
459,广西壮族自治区,来宾市,武宣县,东乡镇,金岗村委会,109.863078,23.598243,"109.863078,23.558243","109.863078,23.638243","109.833078,23.598243","109.893078,23.598243"
460,广西壮族自治区,来宾市,武宣县,黄茆镇,根村村委会,109.643037,23.785792,"109.643037,23.745792","109.643037,23.825792","109.613037,23.785792","109.673037,23.785792"
457,广西壮族自治区,来宾市,武宣县,武宣镇,城东社区,109.679494,23.613194,"109.679494,23.573194","109.679494,23.653194","109.649494,23.613194","109.709494,23.613194"
453,广西壮族自治区,来宾市,忻城县,城关镇,城中社区,108.89653,23.817824,"108.89653,23.777824","108.89653,23.857824","108.86653,23.817824","108.92653,23.817824"
454,广西壮族自治区,来宾市,忻城县,大塘镇,九龙村委会,108.921889,24.134415,"108.921889,24.094415","108.921889,24.174415","108.891889,24.134415","108.951889,24.134415"
456,广西壮族自治区,来宾市,忻城县,果遂乡,龙马村委会,108.837327,23.855096,"108.837327,23.815096","108.837327,23.895096","108.807327,23.855096","108.867327,23.855096"
455,广西壮族自治区,来宾市,忻城县,红渡镇,马安村委会,108.623743,23.948671,"108.623743,23.908671","108.623743,23.988671","108.593743,23.948671","108.653743,23.948671"
458,广西壮族自治区,来宾市,忻城县,桐岭镇,石岗村委会,108.752319,24.018747,"108.752319,23.978747","108.752319,24.058747","108.722319,24.018747","108.782319,24.018747"
513,贵州省,贵阳市,花溪区,贵筑街道办事处,望哨坡社区,106.678867,26.435669,"106.678867,26.395669","106.678867,26.475669","106.648867,26.435669","106.708867,26.435669"
516,贵州省,贵阳市,花溪区,久安乡,打通村委会,106.597571,26.522951,"106.597571,26.482951","106.597571,26.562951","106.567571,26.522951","106.627571,26.522951"
515,贵州省,贵阳市,花溪区,石板镇,第三社区居委会,106.607285,26.46311,"106.607285,26.42311","106.607285,26.50311","106.577285,26.46311","106.637285,26.46311"
514,贵州省,贵阳市,花溪区,溪北街道办事处,朝阳社区,106.673184,26.440618,"106.673184,26.400618","106.673184,26.480618","106.643184,26.440618","106.703184,26.440618"
598,贵州省,黔南布依族苗族自治州,罗甸县,边阳镇,深井村委会,106.640015,25.628776,"106.640015,25.588776","106.640015,25.668776","106.610015,25.628776","106.670015,25.628776"
527,贵州省,黔南布依族苗族自治州,罗甸县,栗木乡,干洞村委会,106.688231,25.61881,"106.688231,25.57881","106.688231,25.65881","106.658231,25.61881","106.718231,25.61881"
525,贵州省,黔南布依族苗族自治州,罗甸县,龙坪镇,河滨社区居委会,106.764104,25.432833,"106.764104,25.392833","106.764104,25.472833","106.734104,25.432833","106.794104,25.432833"
526,贵州省,黔南布依族苗族自治州,罗甸县,沫阳镇,林情村委会,106.86374,25.500874,"106.86374,25.460874","106.86374,25.540874","106.83374,25.500874","106.89374,25.500874"
597,贵州省,黔南布依族苗族自治州,罗甸县,沫阳镇,访里村委会,106.86374,25.500874,"106.86374,25.460874","106.86374,25.540874","106.83374,25.500874","106.89374,25.500874"
528,贵州省,黔南布依族苗族自治州,罗甸县,平岩乡,独坡村委会,107.041846,25.537357,"107.041846,25.497357","107.041846,25.577357","107.011846,25.537357","107.071846,25.537357"
522,贵州省,遵义市,赤水市,金华街道办事处,滨东社区居委会,105.733269,28.594802,"105.733269,28.554802","105.733269,28.634802","105.703269,28.594802","105.763269,28.594802"
521,贵州省,遵义市,赤水市,市中街道办事处,太平社区居委会,105.704378,28.593507,"105.704378,28.553507","105.704378,28.633507","105.674378,28.593507","105.734378,28.593507"
523,贵州省,遵义市,赤水市,旺隆镇,永兴村委会,105.924969,28.537624,"105.924969,28.497624","105.924969,28.577624","105.894969,28.537624","105.954969,28.537624"
524,贵州省,遵义市,赤水市,长期镇,长期村委会,106.064589,28.63135,"106.064589,28.59135","106.064589,28.67135","106.034589,28.63135","106.094589,28.63135"
520,贵州省,遵义市,正安县,碧峰乡,碧峰村委会,107.351046,28.6992,"107.351046,28.6592","107.351046,28.7392","107.321046,28.6992","107.381046,28.6992"
517,贵州省,遵义市,正安县,凤仪镇,北苑社区居委会,107.451318,28.556926,"107.451318,28.516926","107.451318,28.596926","107.421318,28.556926","107.481318,28.556926"
519,贵州省,遵义市,正安县,格林镇,太平村委会,107.528752,28.551627,"107.528752,28.511627","107.528752,28.591627","107.498752,28.551627","107.558752,28.551627"
518,贵州省,遵义市,正安县,和溪镇,凤山村委会,107.448706,28.45113,"107.448706,28.41113","107.448706,28.49113","107.418706,28.45113","107.478706,28.45113"
461,海南省,海口市,琼山区,府城镇,忠介社区居委会,110.358903,20.006394,"110.358903,19.966394","110.358903,20.046394","110.328903,20.006394","110.388903,20.006394"
462,海南省,海口市,琼山区,府城镇, ,110.358349,19.993054,"110.358349,19.953054","110.358349,20.033054","110.328349,19.993054","110.388349,19.993054"
464,海南省,海口市,琼山区,国营红明农场,国营红明农场红旗作业区,110.559654,19.730238,"110.559654,19.690238","110.559654,19.770238","110.529654,19.730238","110.589654,19.730238"
463,海南省,海口市,琼山区,云龙镇,儒林村委会,110.479725,19.877512,"110.479725,19.837512","110.479725,19.917512","110.449725,19.877512","110.509725,19.877512"
33,河北省,保定市,涞水县,城区社区管理办公室街道办事处,东大街社区居委会,115.444628,39.616118,"115.444628,39.576118","115.444628,39.656118","115.414628,39.616118","115.474628,39.616118"
35,河北省,保定市,涞水县,九龙镇,胡家庄村,115.712457,39.333916,"115.712457,39.293916","115.712457,39.373916","115.682457,39.333916","115.742457,39.333916"
36,河北省,保定市,涞水县,娄村满族乡,庞家河村村委会,115.659854,39.483164,"115.659854,39.443164","115.659854,39.523164","115.629854,39.483164","115.689854,39.483164"
34,河北省,保定市,涞水县,义安镇,庄町村村委会,115.803331,39.360756,"115.803331,39.320756","115.803331,39.400756","115.773331,39.360756","115.833331,39.360756"
52,河北省,沧州市,青县市,曹寺乡,西周庄子村委会,116.715592,38.535201,"116.715592,38.495201","116.715592,38.575201","116.685592,38.535201","116.745592,38.535201"
50,河北省,沧州市,青县市,金牛镇,集贤屯村委会,117.040679,38.592382,"117.040679,38.552382","117.040679,38.632382","117.010679,38.592382","117.070679,38.592382"
51,河北省,沧州市,青县市,木门店镇,大功村委会,116.750124,38.477447,"116.750124,38.437447","116.750124,38.517447","116.720124,38.477447","116.780124,38.477447"
49,河北省,沧州市,青县市,清州镇,福泰居委会,116.797282,38.578088,"116.797282,38.538088","116.797282,38.618088","116.767282,38.578088","116.827282,38.578088"
55,河北省,廊坊市,霸州,岔河集乡,刘庄村委会,116.362753,39.108914,"116.362753,39.068914","116.362753,39.148914","116.332753,39.108914","116.392753,39.108914"
56,河北省,廊坊市,霸州,东段乡,牛百万村委会,116.751018,39.124982,"116.751018,39.084982","116.751018,39.164982","116.721018,39.124982","116.781018,39.124982"
54,河北省,廊坊市,霸州,南孟镇,隆泰居委会,116.400702,39.13582,"116.400702,39.09582","116.400702,39.17582","116.370702,39.13582","116.430702,39.13582"
53,河北省,廊坊市,霸州,胜芳镇,何庄居委会,116.388325,39.132346,"116.388325,39.092346","116.388325,39.172346","116.358325,39.132346","116.418325,39.132346"
31,河北省,秦皇岛市,山海关区,东街街道办事处,柴禾市社区,119.761018,40.01224,"119.761018,39.97224","119.761018,40.05224","119.731018,40.01224","119.791018,40.01224"
30,河北省,秦皇岛市,山海关区,路南街道办事处,长城西街社区居委会,119.770271,40.002088,"119.770271,39.962088","119.770271,40.042088","119.740271,40.002088","119.800271,40.002088"
29,河北省,秦皇岛市,山海关区,南关街道办事处,田园社区居委会,119.770334,40.007542,"119.770334,39.967542","119.770334,40.047542","119.740334,40.007542","119.800334,40.007542"
32,河北省,秦皇岛市,山海关区,石河镇,户远寨村委会,119.724142,39.997258,"119.724142,39.957258","119.724142,40.037258","119.694142,39.997258","119.754142,39.997258"
28,河北省,石家庄市,鹿泉,大河镇,杜童村委会,114.408644,38.153788,"114.408644,38.113788","114.408644,38.193788","114.378644,38.153788","114.438644,38.153788"
25,河北省,石家庄市,鹿泉,获鹿镇,第二居委会,114.328677,38.093886,"114.328677,38.053886","114.328677,38.133886","114.298677,38.093886","114.358677,38.093886"
27,河北省,石家庄市,鹿泉,上庄镇,南庄村委会,114.376092,38.018413,"114.376092,37.978413","114.376092,38.058413","114.346092,38.018413","114.406092,38.018413"
26,河北省,石家庄市,鹿泉,铜冶镇,北故邑村委会,114.388465,37.973523,"114.388465,37.933523","114.388465,38.013523","114.358465,37.973523","114.418465,37.973523"
37,河北省,张家口市,沽源县,平定堡镇,西围子村委会,115.686454,41.677864,"115.686454,41.637864","115.686454,41.717864","115.656454,41.677864","115.716454,41.677864"
40,河北省,张家口市,沽源县,西辛营乡,西辛营村委会,115.495519,41.447196,"115.495519,41.407196","115.495519,41.487196","115.465519,41.447196","115.525519,41.447196"
38,河北省,张家口市,沽源县,小厂镇,小厂村委会,115.804909,41.4366,"115.804909,41.3966","115.804909,41.4766","115.774909,41.4366","115.834909,41.4366"
39,河北省,张家口市,沽源县,小河子乡,二道营村委会,115.658038,41.577351,"115.658038,41.537351","115.658038,41.617351","115.628038,41.577351","115.688038,41.577351"
45,河北省,张家口市,怀安县,柴沟堡镇,一街村委会,114.418014,40.689485,"114.418014,40.649485","114.418014,40.729485","114.388014,40.689485","114.448014,40.689485"
46,河北省,张家口市,怀安县,柴沟堡镇,阮家窑村委会,114.428942,40.675836,"114.428942,40.635836","114.428942,40.715836","114.398942,40.675836","114.458942,40.675836"
47,河北省,张家口市,怀安县,怀安城镇,和平街村委会,114.478836,40.470953,"114.478836,40.430953","114.478836,40.510953","114.448836,40.470953","114.508836,40.470953"
48,河北省,张家口市,怀安县,西湾堡乡,赵家坡村委会,114.368632,40.580275,"114.368632,40.540275","114.368632,40.620275","114.338632,40.580275","114.398632,40.580275"
43,河北省,张家口市,阳原县,揣骨疃镇,帅家梁村村委会,114.26023,40.036723,"114.26023,39.996723","114.26023,40.076723","114.23023,40.036723","114.29023,40.036723"
44,河北省,张家口市,阳原县,三马坊乡,三马坊村村委会,114.578623,40.246464,"114.578623,40.206464","114.578623,40.286464","114.548623,40.246464","114.608623,40.246464"
41,河北省,张家口市,阳原县,西城镇,昌盛西街居民委员会,114.172106,40.119348,"114.172106,40.079348","114.172106,40.159348","114.142106,40.119348","114.202106,40.119348"
42,河北省,张家口市,阳原县,西城镇,水泉村委会,114.197211,40.113965,"114.197211,40.073965","114.197211,40.153965","114.167211,40.113965","114.227211,40.113965"
318,河南省,焦作市,武陟县,大封镇,西岩村村委会,113.234775,34.975175,"113.234775,34.935175","113.234775,35.015175","113.204775,34.975175","113.264775,34.975175"
319,河南省,焦作市,武陟县,嘉应观乡,西五村村委会,113.533647,35.044814,"113.533647,35.004814","113.533647,35.084814","113.503647,35.044814","113.563647,35.044814"
320,河南省,焦作市,武陟县,三阳乡,东大原村村委会,113.358245,35.107186,"113.358245,35.067186","113.358245,35.147186","113.328245,35.107186","113.388245,35.107186"
317,河南省,焦作市,武陟县,詹店镇,何营西村委会,113.599492,35.034741,"113.599492,34.994741","113.599492,35.074741","113.569492,35.034741","113.629492,35.034741"
307,河南省,洛阳市,老城区,洛浦街道办事处,浦东居民委员会,112.459173,34.704033,"112.459173,34.664033","112.459173,34.744033","112.429173,34.704033","112.489173,34.704033"
308,河南省,洛阳市,老城区,邙山镇,前李村村民委员会,112.459104,34.739698,"112.459104,34.699698","112.459104,34.779698","112.429104,34.739698","112.489104,34.739698"
306,河南省,洛阳市,老城区,西北隅街道办事处,同化街社区居民委员会,112.48243,34.694591,"112.48243,34.654591","112.48243,34.734591","112.45243,34.694591","112.51243,34.694591"
305,河南省,洛阳市,老城区,西关街道办事处,周公路社区居民委员会,112.468492,34.683964,"112.468492,34.643964","112.468492,34.723964","112.438492,34.683964","112.498492,34.683964"
309,河南省,洛阳市,栾川县,城关镇,兴华路北居民委员会,111.626258,33.793571,"111.626258,33.753571","111.626258,33.833571","111.596258,33.793571","111.656258,33.793571"
312,河南省,洛阳市,栾川县,栾川乡,百炉村村民委员会,111.62437,33.786478,"111.62437,33.746478","111.62437,33.826478","111.59437,33.786478","111.65437,33.786478"
310,河南省,洛阳市,栾川县,潭头镇,潭头村村民委员会,111.768416,34.00526,"111.768416,33.96526","111.768416,34.04526","111.738416,34.00526","111.798416,34.00526"
311,河南省,洛阳市,栾川县,陶湾镇,松树台村村民委员会,111.473238,33.831314,"111.473238,33.791314","111.473238,33.871314","111.443238,33.831314","111.503238,33.831314"
313,河南省,洛阳市,宜阳县,城关镇,解放路居民委员会,112.189153,34.518711,"112.189153,34.478711","112.189153,34.558711","112.159153,34.518711","112.219153,34.518711"
314,河南省,洛阳市,宜阳县,韩城镇,西关村村民委员会,111.934529,34.494904,"111.934529,34.454904","111.934529,34.534904","111.904529,34.494904","111.964529,34.494904"
315,河南省,洛阳市,宜阳县,锦屏镇,后庄村村民委员会,112.219553,34.526565,"112.219553,34.486565","112.219553,34.566565","112.189553,34.526565","112.249553,34.526565"
316,河南省,洛阳市,宜阳县,张坞乡,尚午村村民委员会,111.893651,34.458929,"111.893651,34.418929","111.893651,34.498929","111.863651,34.458929","111.923651,34.458929"
326,河南省,南阳市,方城县,博望镇,付村村委会,112.747804,33.168977,"112.747804,33.128977","112.747804,33.208977","112.717804,33.168977","112.777804,33.168977"
325,河南省,南阳市,方城县,城关镇,新华街居委会,113.004255,33.262501,"113.004255,33.222501","113.004255,33.302501","112.974255,33.262501","113.034255,33.262501"
328,河南省,南阳市,方城县,古庄店乡,关洼村委会,113.155677,33.247678,"113.155677,33.207678","113.155677,33.287678","113.125677,33.247678","113.185677,33.247678"
327,河南省,南阳市,方城县,广阳镇,瓦屋村委会,112.714122,33.289237,"112.714122,33.249237","112.714122,33.329237","112.684122,33.289237","112.744122,33.289237"
321,河南省,濮阳市,清丰县,城关镇,南街村委会,115.121656,35.908564,"115.121656,35.868564","115.121656,35.948564","115.091656,35.908564","115.151656,35.908564"
323,河南省,濮阳市,清丰县,大流乡,前大流村委会,115.127006,35.995607,"115.127006,35.955607","115.127006,36.035607","115.097006,35.995607","115.157006,35.995607"
324,河南省,濮阳市,清丰县,双庙乡,张营村委会,115.181383,35.825918,"115.181383,35.785918","115.181383,35.865918","115.151383,35.825918","115.211383,35.825918"
322,河南省,濮阳市,清丰县,仙庄乡,五牌村委会,115.318362,35.94895,"115.318362,35.90895","115.318362,35.98895","115.288362,35.94895","115.348362,35.94895"
330,河南省,商丘市,梁园区,平原街道,平原社区居委会,115.640565,34.449381,"115.640565,34.409381","115.640565,34.489381","115.610565,34.449381","115.670565,34.449381"
331,河南省,商丘市,梁园区,双八镇,徐庄村委会,115.687998,34.53395,"115.687998,34.49395","115.687998,34.57395","115.657998,34.53395","115.717998,34.53395"
332,河南省,商丘市,梁园区,王楼乡,周庄村委会,115.521949,34.485065,"115.521949,34.445065","115.521949,34.525065","115.491949,34.485065","115.551949,34.485065"
329,河南省,商丘市,梁园区,长征街道,货场东路社区居委会,115.647432,34.449559,"115.647432,34.409559","115.647432,34.489559","115.617432,34.449559","115.677432,34.449559"
333,河南省,商丘市,虞城县,城关镇,胜利街居委会,115.876779,34.385281,"115.876779,34.345281","115.876779,34.425281","115.846779,34.385281","115.906779,34.385281"
336,河南省,商丘市,虞城县,李老家乡,张庄村委会,115.946919,34.444485,"115.946919,34.404485","115.946919,34.484485","115.916919,34.444485","115.976919,34.444485"
334,河南省,商丘市,虞城县,利民镇,范大楼村委会,115.930713,34.533216,"115.930713,34.493216","115.930713,34.573216","115.900713,34.533216","115.960713,34.533216"
335,河南省,商丘市,虞城县,闻集乡,田庄村委会,115.923517,34.239199,"115.923517,34.199199","115.923517,34.279199","115.893517,34.239199","115.953517,34.239199"
302,河南省,郑州市,二七区,大学路街道办事处,郑大社区居民委员会,113.653333,34.745589,"113.653333,34.705589","113.653333,34.785589","113.623333,34.745589","113.683333,34.745589"
301,河南省,郑州市,二七区,淮河路街道办事处,陇海路社区居民委员会,113.612651,34.752653,"113.612651,34.712653","113.612651,34.792653","113.582651,34.752653","113.642651,34.752653"
303,河南省,郑州市,二七区,嵩山路街道办事处,郑飞社区居民委员会,113.646345,34.706331,"113.646345,34.666331","113.646345,34.746331","113.616345,34.706331","113.676345,34.706331"
304,河南省,郑州市,二七区,长江路街道办事处,五号街坊社区居民委员会,113.650056,34.72068,"113.650056,34.68068","113.650056,34.76068","113.620056,34.72068","113.680056,34.72068"
341,河南省,周口市,鹿邑县,鸣鹿办事处,胡半楼居委会,115.383983,33.894051,"115.383983,33.854051","115.383983,33.934051","115.353983,33.894051","115.413983,33.894051"
342,河南省,周口市,鹿邑县,试量镇,任庄村委会,115.133749,33.974155,"115.133749,33.934155","115.133749,34.014155","115.103749,33.974155","115.163749,33.974155"
344,河南省,周口市,鹿邑县,唐集乡,唐集居委会,115.135857,33.932982,"115.135857,33.892982","115.135857,33.972982","115.105857,33.932982","115.165857,33.932982"
343,河南省,周口市,鹿邑县,张店镇,大郭村委会,115.25988,33.827641,"115.25988,33.787641","115.25988,33.867641","115.22988,33.827641","115.28988,33.827641"
337,河南省,周口市,太康县,城关回族镇,北街居委会,114.875092,34.073073,"114.875092,34.033073","114.875092,34.113073","114.845092,34.073073","114.905092,34.073073"
339,河南省,周口市,太康县,马厂镇,孙桥村委会,115.070542,34.052817,"115.070542,34.012817","115.070542,34.092817","115.040542,34.052817","115.100542,34.052817"
340,河南省,周口市,太康县,芝麻洼乡,南岳岗村委会,114.67139,34.24823,"114.67139,34.20823","114.67139,34.28823","114.64139,34.24823","114.70139,34.24823"
338,河南省,周口市,太康县,朱口镇,东风村委会,115.033748,34.127522,"115.033748,34.087522","115.033748,34.167522","115.003748,34.127522","115.063748,34.127522"
120,黑龙江省,哈尔滨市,松北区,对青山镇,十二户村村委会,126.351474,45.940351,"126.351474,45.900351","126.351474,45.980351","126.321474,45.940351","126.381474,45.940351"
117,黑龙江省,哈尔滨市,松北区,三电街道办事处,三电社区居委会,126.662225,45.977053,"126.662225,45.937053","126.662225,46.017053","126.632225,45.977053","126.692225,45.977053"
119,黑龙江省,哈尔滨市,松北区,松北街道办事处,军安社区,126.533099,45.824928,"126.533099,45.784928","126.533099,45.864928","126.503099,45.824928","126.563099,45.824928"
118,黑龙江省,哈尔滨市,松北区,松浦街道办事处,黎明村村委会,126.645146,45.818513,"126.645146,45.778513","126.645146,45.858513","126.615146,45.818513","126.675146,45.818513"
132,黑龙江省,佳木斯市,桦川县,四马架乡,文化村委会,130.596241,46.798932,"130.596241,46.758932","130.596241,46.838932","130.566241,46.798932","130.626241,46.798932"
131,黑龙江省,佳木斯市,桦川县,新城镇,西宝山村委会,131.12215,47.127164,"131.12215,47.087164","131.12215,47.167164","131.09215,47.127164","131.15215,47.127164"
129,黑龙江省,佳木斯市,桦川县,悦来镇,长新居委会,130.740596,47.021401,"130.740596,46.981401","130.740596,47.061401","130.710596,47.021401","130.770596,47.021401"
130,黑龙江省,佳木斯市,桦川县,悦来镇,团结居委会,130.740596,47.021401,"130.740596,46.981401","130.740596,47.061401","130.710596,47.021401","130.770596,47.021401"
125,黑龙江省,齐齐哈尔市,拜泉县,拜泉镇,光辉社区,126.094288,47.61336,"126.094288,47.57336","126.094288,47.65336","126.064288,47.61336","126.124288,47.61336"
128,黑龙江省,齐齐哈尔市,拜泉县,大众乡,福民村委会,125.884075,47.803092,"125.884075,47.763092","125.884075,47.843092","125.854075,47.803092","125.914075,47.803092"
127,黑龙江省,齐齐哈尔市,拜泉县,富强镇,太来村委会,125.973649,47.802221,"125.973649,47.762221","125.973649,47.842221","125.943649,47.802221","126.003649,47.802221"
126,黑龙江省,齐齐哈尔市,拜泉县,兴农镇,远见村委会,125.80284,47.485692,"125.80284,47.445692","125.80284,47.525692","125.77284,47.485692","125.83284,47.485692"
124,黑龙江省,齐齐哈尔市,铁锋区,北局宅街道办事处,劳动社区,124.005999,47.354211,"124.005999,47.314211","124.005999,47.394211","123.975999,47.354211","124.035999,47.354211"
123,黑龙江省,齐齐哈尔市,铁锋区,光荣街道办事处,鹤乡社区居民委员会,124.262931,47.303489,"124.262931,47.263489","124.262931,47.343489","124.232931,47.303489","124.292931,47.303489"
122,黑龙江省,齐齐哈尔市,铁锋区,通东街道办事处,东苑西社区居民委员会,124.014083,47.344866,"124.014083,47.304866","124.014083,47.384866","123.984083,47.344866","124.044083,47.344866"
121,黑龙江省,齐齐哈尔市,铁锋区,站前街道办事处,新木社区居民委员会,123.993127,47.344256,"123.993127,47.304256","123.993127,47.384256","123.963127,47.344256","124.023127,47.344256"
362,湖北省,黄冈市,红安县,城关镇,金沙社区,114.609575,31.279446,"114.609575,31.239446","114.609575,31.319446","114.579575,31.279446","114.639575,31.279446"
363,湖北省,黄冈市,红安县,二程镇,张背山村,114.504325,31.294748,"114.504325,31.254748","114.504325,31.334748","114.474325,31.294748","114.534325,31.294748"
361,湖北省,黄冈市,红安县,杏花乡,培城社区,114.634927,31.284183,"114.634927,31.244183","114.634927,31.324183","114.604927,31.284183","114.664927,31.284183"
364,湖北省,黄冈市,红安县,永佳河镇,西张元村,114.691148,31.16778,"114.691148,31.12778","114.691148,31.20778","114.661148,31.16778","114.721148,31.16778"
356,湖北省,荆门市,沙洋县,曾集镇,民主村民委员会,112.362457,30.724256,"112.362457,30.684256","112.362457,30.764256","112.332457,30.724256","112.392457,30.724256"
354,湖北省,荆门市,沙洋县,后港镇,宋湖社区居委会,112.395071,30.52009,"112.395071,30.48009","112.395071,30.56009","112.365071,30.52009","112.425071,30.52009"
355,湖北省,荆门市,沙洋县,李市镇,联盟村民委员会,112.599963,30.626484,"112.599963,30.586484","112.599963,30.666484","112.569963,30.626484","112.629963,30.626484"
353,湖北省,荆门市,沙洋县,五里铺镇,五里社区居委会,112.212643,30.742632,"112.212643,30.702632","112.212643,30.782632","112.182643,30.742632","112.242643,30.742632"
359,湖北省,荆州市,沙市区,朝阳街道办事处,五星村居委会,112.285088,30.311455,"112.285088,30.271455","112.285088,30.351455","112.255088,30.311455","112.315088,30.311455"
360,湖北省,荆州市,沙市区,观音当镇,观音镇碧波居委会,112.395324,30.367628,"112.395324,30.327628","112.395324,30.407628","112.365324,30.367628","112.425324,30.367628"
358,湖北省,荆州市,沙市区,解放街道办事处,白云路居委会,112.424109,30.325723,"112.424109,30.285723","112.424109,30.365723","112.394109,30.325723","112.454109,30.325723"
357,湖北省,荆州市,沙市区,中山街道办事处,植物园居委会,112.424109,30.325723,"112.424109,30.285723","112.424109,30.365723","112.394109,30.325723","112.454109,30.325723"
348,湖北省,武汉市,洪山区,东湖开发区关东街办事处,井岗村,114.430245,30.483767,"114.430245,30.443767","114.430245,30.523767","114.400245,30.483767","114.460245,30.483767"
346,湖北省,武汉市,洪山区,关山街道,华中科技大学社区,114.420356,30.51742,"114.420356,30.47742","114.420356,30.55742","114.390356,30.51742","114.450356,30.51742"
347,湖北省,武汉市,洪山区,和平街道办事处,珞狮路居委会,114.356011,30.516489,"114.356011,30.476489","114.356011,30.556489","114.326011,30.516489","114.386011,30.516489"
345,湖北省,武汉市,洪山区,珞南街道/葛化街道,高创家园社区居委会,114.380127,30.514875,"114.380127,30.474875","114.380127,30.554875","114.350127,30.514875","114.410127,30.514875"
352,湖北省,武汉市,新洲区,双柳街道办事处,殷店村委会,114.658921,30.599453,"114.658921,30.559453","114.658921,30.639453","114.628921,30.599453","114.688921,30.599453"
351,湖北省,武汉市,新洲区,汪集街道办事处,程山村委会,114.716432,30.784771,"114.716432,30.744771","114.716432,30.824771","114.686432,30.784771","114.746432,30.784771"
350,湖北省,武汉市,新洲区,阳逻街道办事处,军安社区居委会,114.584919,30.65959,"114.584919,30.61959","114.584919,30.69959","114.554919,30.65959","114.614919,30.65959"
349,湖北省,武汉市,新洲区,邾城街道办事处,幸福社区居委会,114.81064,30.853179,"114.81064,30.813179","114.81064,30.893179","114.78064,30.853179","114.84064,30.853179"
593,湖北省,襄阳市,襄州区,古驿镇,唐吕村村民委员会,112.280999,32.349433,"112.280999,32.309433","112.280999,32.389433","112.250999,32.349433","112.310999,32.349433"
595,湖北省,襄阳市,襄州区,龙王镇,白集村村民委员会,111.962657,32.263194,"111.962657,32.223194","111.962657,32.303194","111.932657,32.263194","111.992657,32.263194"
596,湖北省,襄阳市,襄州区,双沟镇,杜岗村村民委员会,112.401965,32.153664,"112.401965,32.113664","112.401965,32.193664","112.371965,32.153664","112.431965,32.153664"
594,湖北省,襄阳市,襄州区,张湾街道办事处,商贸城居委会,112.201401,32.090399,"112.201401,32.050399","112.201401,32.130399","112.171401,32.090399","112.231401,32.090399"
378,湖南省,常德市,桃源县,茶庵铺镇,长板铺村委会,111.156653,28.647473,"111.156653,28.607473","111.156653,28.687473","111.126653,28.647473","111.186653,28.647473"
379,湖南省,常德市,桃源县,黄甲铺乡,黄甲村委会,111.302295,29.116062,"111.302295,29.076062","111.302295,29.156062","111.272295,29.116062","111.332295,29.116062"
377,湖南省,常德市,桃源县,龙潭镇,鄢家溪村委会,111.148714,28.962487,"111.148714,28.922487","111.148714,29.002487","111.118714,28.962487","111.178714,28.962487"
380,湖南省,常德市,桃源县,漳江镇,西苑社区居委会,111.481258,28.901908,"111.481258,28.861908","111.481258,28.941908","111.451258,28.901908","111.511258,28.901908"
391,湖南省,郴州市,苏仙区,坳上镇,坳上镇大开湾村民委,113.032331,25.6842,"113.032331,25.6442","113.032331,25.7242","113.002331,25.6842","113.062331,25.6842"
390,湖南省,郴州市,苏仙区,白露塘镇,白露塘镇柿竹园社区,113.121732,25.828136,"113.121732,25.788136","113.121732,25.868136","113.091732,25.828136","113.151732,25.828136"
392,湖南省,郴州市,苏仙区,荷叶坪乡,荷叶坪乡高冲村民委,112.981971,25.859772,"112.981971,25.819772","112.981971,25.899772","112.951971,25.859772","113.011971,25.859772"
389,湖南省,郴州市,苏仙区,苏仙岭街道,苏仙岭街道陈家湾,113.041034,25.817359,"113.041034,25.777359","113.041034,25.857359","113.011034,25.817359","113.071034,25.817359"
373,湖南省,邵阳市,邵阳县,白仓镇,三堆村委会,111.306659,26.884356,"111.306659,26.844356","111.306659,26.924356","111.276659,26.884356","111.336659,26.884356"
376,湖南省,邵阳市,邵阳县,河伯乡,峦山村委会,111.39902,26.950618,"111.39902,26.910618","111.39902,26.990618","111.36902,26.950618","111.42902,26.950618"
375,湖南省,邵阳市,邵阳县,五峰铺镇,峡山社区居委会,111.479677,26.889094,"111.479677,26.849094","111.479677,26.929094","111.449677,26.889094","111.509677,26.889094"
374,湖南省,邵阳市,邵阳县,岩口铺镇,岩田村委会,111.24776,27.220298,"111.24776,27.180298","111.24776,27.260298","111.21776,27.220298","111.27776,27.220298"
372,湖南省,湘潭市,湘乡市,东郊乡,西北村委会,112.617361,27.78832,"112.617361,27.74832","112.617361,27.82832","112.587361,27.78832","112.647361,27.78832"
369,湖南省,湘潭市,湘乡市,昆仑桥街道,红星社区居委会,112.537599,27.735027,"112.537599,27.695027","112.537599,27.775027","112.507599,27.735027","112.567599,27.735027"
370,湖南省,湘潭市,湘乡市,棋梓镇,湖南韶峰集团社区居,112.233943,27.729846,"112.233943,27.689846","112.233943,27.769846","112.203943,27.729846","112.263943,27.729846"
371,湖南省,湘潭市,湘乡市,月山镇,栗子村委会,112.355169,27.77668,"112.355169,27.73668","112.355169,27.81668","112.325169,27.77668","112.385169,27.77668"
388,湖南省,益阳市,安化县,东坪镇,羊公村委会,111.231261,28.385284,"111.231261,28.345284","111.231261,28.425284","111.201261,28.385284","111.261261,28.385284"
387,湖南省,益阳市,安化县,梅城镇,三里村委会,111.656204,28.144004,"111.656204,28.104004","111.656204,28.184004","111.626204,28.144004","111.686204,28.144004"
385,湖南省,益阳市,安化县,清塘铺镇,袁桃社区,111.764466,28.06206,"111.764466,28.02206","111.764466,28.10206","111.734466,28.06206","111.794466,28.06206"
386,湖南省,益阳市,安化县,羊角塘镇,野鸭塘村委会,111.597571,28.504117,"111.597571,28.464117","111.597571,28.544117","111.567571,28.504117","111.627571,28.504117"
382,湖南省,益阳市,桃江县,灰山港镇,紫荆花社区,112.215282,28.260478,"112.215282,28.220478","112.215282,28.300478","112.185282,28.260478","112.245282,28.260478"
383,湖南省,益阳市,桃江县,马迹塘镇,九岗山村委会,111.730212,28.442137,"111.730212,28.402137","111.730212,28.482137","111.700212,28.442137","111.760212,28.442137"
381,湖南省,益阳市,桃江县,松木塘镇,关山口村委会,112.305062,28.487951,"112.305062,28.447951","112.305062,28.527951","112.275062,28.487951","112.335062,28.487951"
384,湖南省,益阳市,桃江县,沾溪乡,卫红村委会,111.993606,28.56466,"111.993606,28.52466","111.993606,28.60466","111.963606,28.56466","112.023606,28.56466"
366,湖南省,长沙市,宁乡县,坝塘镇,保安村委会,112.4838,28.182938,"112.4838,28.142938","112.4838,28.222938","112.4538,28.182938","112.5138,28.182938"
367,湖南省,长沙市,宁乡县,回龙铺镇,袁家河村委会,112.465145,28.219282,"112.465145,28.179282","112.465145,28.259282","112.435145,28.219282","112.495145,28.219282"
365,湖南省,长沙市,宁乡县,玉潭镇,南苑社区居委会,112.556656,28.270962,"112.556656,28.230962","112.556656,28.310962","112.526656,28.270962","112.586656,28.270962"
368,湖南省,长沙市,宁乡县,资福乡,万福村委会,112.441018,28.115349,"112.441018,28.075349","112.441018,28.155349","112.411018,28.115349","112.471018,28.115349"
114,吉林省,辽源市,东辽县,安石镇,大兴村委会,125.387195,42.763482,"125.387195,42.723482","125.387195,42.803482","125.357195,42.763482","125.417195,42.763482"
113,吉林省,辽源市,东辽县,白泉镇,站前社区,125.020685,42.926867,"125.020685,42.886867","125.020685,42.966867","124.990685,42.926867","125.050685,42.926867"
115,吉林省,辽源市,东辽县,建安镇,富水村委会,125.094807,43.087075,"125.094807,43.047075","125.094807,43.127075","125.064807,43.087075","125.124807,43.087075"
116,吉林省,辽源市,东辽县,凌云乡,平川村委会,125.17774,42.779883,"125.17774,42.739883","125.17774,42.819883","125.14774,42.779883","125.20774,42.779883"
108,吉林省,四平市,公主岭,大榆树镇,老柜村委会,124.681813,43.735027,"124.681813,43.695027","124.681813,43.775027","124.651813,43.735027","124.711813,43.735027"
106,吉林省,四平市,公主岭,黑林子镇,高台子村委会,124.87428,43.695228,"124.87428,43.655228","124.87428,43.735228","124.84428,43.695228","124.90428,43.695228"
107,吉林省,四平市,公主岭,怀德镇,团山子村委会,124.132221,43.991136,"124.132221,43.951136","124.132221,44.031136","124.102221,43.991136","124.162221,43.991136"
105,吉林省,四平市,公主岭,岭东街道办事处,兴盛社区,124.852359,43.520924,"124.852359,43.480924","124.852359,43.560924","124.822359,43.520924","124.882359,43.520924"
109,吉林省,四平市,双辽市,辽南街道办事处,新市社区,123.508053,43.519243,"123.508053,43.479243","123.508053,43.559243","123.478053,43.519243","123.538053,43.519243"
110,吉林省,四平市,双辽市,茂林镇,大兴村委会,123.610578,44.031097,"123.610578,43.991097","123.610578,44.071097","123.580578,44.031097","123.640578,44.031097"
111,吉林省,四平市,双辽市,王奔镇,宏伟村委会,123.678846,43.457596,"123.678846,43.417596","123.678846,43.497596","123.648846,43.457596","123.708846,43.457596"
112,吉林省,四平市,双辽市,新立乡,山丁村委会,124.04497,43.691069,"124.04497,43.651069","124.04497,43.731069","124.01497,43.691069","124.07497,43.691069"
143,江苏省,常州市,溧阳市,别桥镇,黄金山村委会,119.405078,31.626848,"119.405078,31.586848","119.405078,31.666848","119.375078,31.626848","119.435078,31.626848"
142,江苏省,常州市,溧阳市,埭头镇,埭头村村委会,119.52801,31.500496,"119.52801,31.460496","119.52801,31.540496","119.49801,31.500496","119.55801,31.500496"
141,江苏省,常州市,溧阳市,溧城镇,昆仑东苑居委会,119.50609,31.441832,"119.50609,31.401832","119.50609,31.481832","119.47609,31.441832","119.53609,31.441832"
144,江苏省,常州市,溧阳市,南渡镇,石街村村委会,119.37239,31.431154,"119.37239,31.391154","119.37239,31.471154","119.34239,31.431154","119.40239,31.431154"
152,江苏省,连云港市,赣榆县,城西镇,高庄村委会,119.011246,34.823468,"119.011246,34.783468","119.011246,34.863468","118.981246,34.823468","119.041246,34.823468"
149,江苏省,连云港市,赣榆县,青口镇,工业社区居委会,119.176707,34.870516,"119.176707,34.830516","119.176707,34.910516","119.146707,34.870516","119.206707,34.870516"
150,江苏省,连云港市,赣榆县,石桥镇,官庄村委会,119.188616,35.104852,"119.188616,35.064852","119.188616,35.144852","119.158616,35.104852","119.218616,35.104852"
151,江苏省,连云港市,赣榆县,塔山镇,瞿沟村委会,118.998141,34.913159,"118.998141,34.873159","118.998141,34.953159","118.968141,34.913159","119.028141,34.913159"
134,江苏省,南京市,玄武区,锁金村街道,锁二社区居委会,118.821672,32.078054,"118.821672,32.038054","118.821672,32.118054","118.791672,32.078054","118.851672,32.078054"
135,江苏省,南京市,玄武区,孝陵卫街道,孝陵卫社区居委会,118.866989,32.038922,"118.866989,31.998922","118.866989,32.078922","118.836989,32.038922","118.896989,32.038922"
133,江苏省,南京市,玄武区,新街口街道,唱经楼社区居委会,118.794083,32.056647,"118.794083,32.016647","118.794083,32.096647","118.764083,32.056647","118.824083,32.056647"
136,江苏省,南京市,玄武区,玄武湖街道,仙鹤门社区居委会,118.829294,32.078706,"118.829294,32.038706","118.829294,32.118706","118.799294,32.078706","118.859294,32.078706"
148,江苏省,苏州市,昆山市,开发区,美华社区居委会,121.003215,31.385298,"121.003215,31.345298","121.003215,31.425298","120.973215,31.385298","121.033215,31.385298"
145,江苏省,苏州市,昆山市,玉山镇,大同社区居委会,120.958335,31.414956,"120.958335,31.374956","120.958335,31.454956","120.928335,31.414956","120.988335,31.414956"
147,江苏省,苏州市,昆山市,张浦镇,大市村委会,120.954365,31.293738,"120.954365,31.253738","120.954365,31.333738","120.924365,31.293738","120.984365,31.293738"
146,江苏省,苏州市,昆山市,周市镇,永共村委会,120.981207,31.462474,"120.981207,31.422474","120.981207,31.502474","120.951207,31.462474","121.011207,31.462474"
137,江苏省,无锡市,锡山区,安镇街道,大厍头村委会,120.441528,31.604464,"120.441528,31.564464","120.441528,31.644464","120.411528,31.604464","120.471528,31.604464"
140,江苏省,无锡市,锡山区,无锡锡山开发区,厚桥社区居委会,120.509325,31.575152,"120.509325,31.535152","120.509325,31.615152","120.479325,31.575152","120.539325,31.575152"
139,江苏省,无锡市,锡山区,锡北镇,新明村委会,120.452467,31.671471,"120.452467,31.631471","120.452467,31.711471","120.422467,31.671471","120.482467,31.671471"
138,江苏省,无锡市,锡山区,羊尖镇,廊下村委会,120.529197,31.61379,"120.529197,31.57379","120.529197,31.65379","120.499197,31.61379","120.559197,31.61379"
168,江苏省,宿迁市,沭阳县,青伊湖农场,蔷薇分场社区,118.907965,34.362874,"118.907965,34.322874","118.907965,34.402874","118.877965,34.362874","118.937965,34.362874"
166,江苏省,宿迁市,沭阳县,桑墟镇,老庄居委会,118.83749,34.331364,"118.83749,34.291364","118.83749,34.371364","118.80749,34.331364","118.86749,34.331364"
165,江苏省,宿迁市,沭阳县,沭城镇,七雄居委会,118.79788,34.115791,"118.79788,34.075791","118.79788,34.155791","118.76788,34.115791","118.82788,34.115791"
167,江苏省,宿迁市,沭阳县,汤涧镇,大李村委会,119.023009,34.152358,"119.023009,34.112358","119.023009,34.192358","118.993009,34.152358","119.053009,34.152358"
157,江苏省,扬州市,宝应县,安宜镇,画川社区居委会,119.324434,33.239945,"119.324434,33.199945","119.324434,33.279945","119.294434,33.239945","119.354434,33.239945"
158,江苏省,扬州市,宝应县,安宜镇,船闸村委会,119.327527,33.225491,"119.327527,33.185491","119.327527,33.265491","119.297527,33.225491","119.357527,33.225491"
159,江苏省,扬州市,宝应县,射阳湖镇,射南村委会,119.572642,33.344596,"119.572642,33.304596","119.572642,33.384596","119.542642,33.344596","119.602642,33.344596"
160,江苏省,扬州市,宝应县,西安丰镇,朱郭村委会,119.522811,33.395488,"119.522811,33.355488","119.522811,33.435488","119.492811,33.395488","119.552811,33.395488"
156,江苏省,扬州市,广陵区,产业园,万寿村委会,119.51021,32.388613,"119.51021,32.348613","119.51021,32.428613","119.48021,32.388613","119.54021,32.388613"
154,江苏省,扬州市,广陵区,曲江街道,顾庄社区居委会,119.47201,32.402145,"119.47201,32.362145","119.47201,32.442145","119.44201,32.402145","119.50201,32.402145"
155,江苏省,扬州市,广陵区,曲江街道,文昌社区居委会,119.47201,32.402145,"119.47201,32.362145","119.47201,32.442145","119.44201,32.402145","119.50201,32.402145"
153,江苏省,扬州市,广陵区,汶河街道,旌忠寺社区居委会,119.443325,32.396503,"119.443325,32.356503","119.443325,32.436503","119.413325,32.396503","119.473325,32.396503"
163,江苏省,镇江市,句容市,郭庄镇,郭庄村委会,119.039421,31.81108,"119.039421,31.77108","119.039421,31.85108","119.009421,31.81108","119.069421,31.81108"
164,江苏省,镇江市,句容市,开发区,寨里居委会,119.138303,31.974402,"119.138303,31.934402","119.138303,32.014402","119.108303,31.974402","119.168303,31.974402"
161,江苏省,镇江市,句容市,社区工作办公室,甲城居委会,119.171887,31.951398,"119.171887,31.911398","119.171887,31.991398","119.141887,31.951398","119.201887,31.951398"
162,江苏省,镇江市,句容市,下蜀镇,华山村委会,119.197584,32.175212,"119.197584,32.135212","119.197584,32.215212","119.167584,32.175212","119.227584,32.175212"
248,江西省,赣州市,石城县,丰山乡,河田村委会,116.406429,26.414761,"116.406429,26.374761","116.406429,26.454761","116.376429,26.414761","116.436429,26.414761"
247,江西省,赣州市,石城县,横江镇,球溪村委会,116.357988,26.146558,"116.357988,26.106558","116.357988,26.186558","116.327988,26.146558","116.387988,26.146558"
245,江西省,赣州市,石城县,琴江镇,城北居委会,116.356543,26.350946,"116.356543,26.310946","116.356543,26.390946","116.326543,26.350946","116.386543,26.350946"
246,江西省,赣州市,石城县,小松镇,小松居委会,116.317643,26.443174,"116.317643,26.403174","116.317643,26.483174","116.287643,26.443174","116.347643,26.443174"
251,江西省,吉安市,吉安县,敖城镇,禾水村委会,114.57944,26.967219,"114.57944,26.927219","114.57944,27.007219","114.54944,26.967219","114.60944,26.967219"
252,江西省,吉安市,吉安县,北源乡,鹅田村委会,114.809632,27.506863,"114.809632,27.466863","114.809632,27.546863","114.779632,27.506863","114.839632,27.506863"
250,江西省,吉安市,吉安县,万福镇,鹤洲村村委会,114.827205,27.449206,"114.827205,27.409206","114.827205,27.489206","114.797205,27.449206","114.857205,27.449206"
249,江西省,吉安市,吉安县,永阳镇,永阳居委会,114.755198,26.940735,"114.755198,26.900735","114.755198,26.980735","114.725198,26.940735","114.785198,26.940735"
238,江西省,萍乡市,安源区,八一街街道办事处,永昌寺居委会,113.852069,27.626843,"113.852069,27.586843","113.852069,27.666843","113.822069,27.626843","113.882069,27.626843"
239,江西省,萍乡市,安源区,白源街街道办事处,八一居委会,113.915412,27.660721,"113.915412,27.620721","113.915412,27.700721","113.885412,27.660721","113.945412,27.660721"
237,江西省,萍乡市,安源区,凤凰街街道办事处,凤凰池居委会,113.863366,27.630343,"113.863366,27.590343","113.863366,27.670343","113.833366,27.630343","113.893366,27.630343"
240,江西省,萍乡市,安源区,青山镇,新建社区,113.811753,27.638921,"113.811753,27.598921","113.811753,27.678921","113.781753,27.638921","113.841753,27.638921"
241,江西省,萍乡市,芦溪县,芦溪镇,高楼村委会,114.053869,27.621234,"114.053869,27.581234","114.053869,27.661234","114.023869,27.621234","114.083869,27.621234"
242,江西省,萍乡市,芦溪县,上埠镇,鸭塘村委会,113.924745,27.635038,"113.924745,27.595038","113.924745,27.675038","113.894745,27.635038","113.954745,27.635038"
244,江西省,萍乡市,芦溪县,新泉乡,檀树下村委会,114.07997,27.525303,"114.07997,27.485303","114.07997,27.565303","114.04997,27.525303","114.10997,27.525303"
243,江西省,萍乡市,芦溪县,银河镇,银凤居委会,114.12979,27.699654,"114.12979,27.659654","114.12979,27.739654","114.09979,27.699654","114.15979,27.699654"
253,江西省,上饶市,玉山县,冰溪镇,三里街社区居民委员会,118.241301,28.67546,"118.241301,28.63546","118.241301,28.71546","118.211301,28.67546","118.271301,28.67546"
254,江西省,上饶市,玉山县,临湖镇,临江湖社区居民委员会,117.953953,28.659327,"117.953953,28.619327","117.953953,28.699327","117.923953,28.659327","117.983953,28.659327"
256,江西省,上饶市,玉山县,南山乡,王石村村委会,118.052093,28.793559,"118.052093,28.753559","118.052093,28.833559","118.022093,28.793559","118.082093,28.793559"
255,江西省,上饶市,玉山县,下镇镇,官宅村民委员会,118.389972,28.62822,"118.389972,28.58822","118.389972,28.66822","118.359972,28.62822","118.419972,28.62822"
100,辽宁省,阜新市,彰武县,大冷蒙古族乡,大冷村委会,122.33979,42.597336,"122.33979,42.557336","122.33979,42.637336","122.30979,42.597336","122.36979,42.597336"
98,辽宁省,阜新市,彰武县,五峰镇,大五喇叭村委会,122.442717,42.320438,"122.442717,42.280438","122.442717,42.360438","122.412717,42.320438","122.472717,42.320438"
99,辽宁省,阜新市,彰武县,西六家子蒙古族满族乡,西六家子村委会,122.583893,42.345529,"122.583893,42.305529","122.583893,42.385529","122.553893,42.345529","122.613893,42.345529"
97,辽宁省,阜新市,彰武县,彰武镇,三元社区居委会,122.539736,42.381466,"122.539736,42.341466","122.539736,42.421466","122.509736,42.381466","122.569736,42.381466"
95,辽宁省,锦州市,凌河区,锦铁街道,杭州街社区,121.158858,41.117294,"121.158858,41.077294","121.158858,41.157294","121.128858,41.117294","121.188858,41.117294"
96,辽宁省,锦州市,凌河区,锦州北山农工商总公司,单屯农业分场生活区,121.163347,41.144208,"121.163347,41.104208","121.163347,41.184208","121.133347,41.144208","121.193347,41.144208"
94,辽宁省,锦州市,凌河区,菊园街道,矿山社区,121.174793,41.114575,"121.174793,41.074575","121.174793,41.154575","121.144793,41.114575","121.204793,41.114575"
93,辽宁省,锦州市,凌河区,榴花街道,贵州社区,121.169859,41.120641,"121.169859,41.080641","121.169859,41.160641","121.139859,41.120641","121.199859,41.120641"
102,辽宁省,盘锦市,双台子区,红旗街道,中心社区,122.062545,41.204919,"122.062545,41.164919","122.062545,41.244919","122.032545,41.204919","122.092545,41.204919"
103,辽宁省,盘锦市,双台子区,辽河街道,晟华社区,122.038093,41.200343,"122.038093,41.160343","122.038093,41.240343","122.008093,41.200343","122.068093,41.200343"
101,辽宁省,盘锦市,双台子区,胜利街道,团结社区,122.054226,41.197432,"122.054226,41.157432","122.054226,41.237432","122.024226,41.197432","122.084226,41.197432"
104,辽宁省,盘锦市,双台子区,双盛街道,谷家村委会,122.003716,41.193118,"122.003716,41.153118","122.003716,41.233118","121.973716,41.193118","122.033716,41.193118"
85,辽宁省,沈阳市,铁西区,工人村街道,功勋社区,123.330448,41.7972,"123.330448,41.7572","123.330448,41.8372","123.300448,41.7972","123.360448,41.7972"
88,辽宁省,沈阳市,铁西区,贵和街道,建云社区,123.379542,41.796342,"123.379542,41.756342","123.379542,41.836342","123.349542,41.796342","123.409542,41.796342"
86,辽宁省,沈阳市,铁西区,兴工街道,爱工社区,123.384804,41.798287,"123.384804,41.758287","123.384804,41.838287","123.354804,41.798287","123.414804,41.798287"
87,辽宁省,沈阳市,铁西区,重工街道,南十社区,123.325131,41.800424,"123.325131,41.760424","123.325131,41.840424","123.295131,41.800424","123.355131,41.800424"
90,辽宁省,沈阳市,新民市,大民屯镇,佟家房村委会,122.956614,41.868186,"122.956614,41.828186","122.956614,41.908186","122.926614,41.868186","122.986614,41.868186"
91,辽宁省,沈阳市,新民市,高台子乡,东高台子村委会,122.872935,42.072607,"122.872935,42.032607","122.872935,42.112607","122.842935,42.072607","122.902935,42.072607"
92,辽宁省,沈阳市,新民市,三道岗子乡,小车连泡村委会,123.123609,42.083837,"123.123609,42.043837","123.123609,42.123837","123.093609,42.083837","123.153609,42.083837"
89,辽宁省,沈阳市,新民市,新柳街道,铁北社区,122.83218,42.004857,"122.83218,41.964857","122.83218,42.044857","122.80218,42.004857","122.86218,42.004857"
83,内蒙古自治区,巴彦淖尔市,临河区,北环路办事处,朝阳社区,107.418216,40.782376,"107.418216,40.742376","107.418216,40.822376","107.388216,40.782376","107.448216,40.782376"
84,内蒙古自治区,巴彦淖尔市,临河区,干召庙镇,旭光村村民委员会,107.258651,40.833504,"107.258651,40.793504","107.258651,40.873504","107.228651,40.833504","107.288651,40.833504"
82,内蒙古自治区,巴彦淖尔市,临河区,解放办事处,金都社区,107.406457,40.774004,"107.406457,40.734004","107.406457,40.814004","107.376457,40.774004","107.436457,40.774004"
81,内蒙古自治区,巴彦淖尔市,临河区,团结办事处,今日社区,107.418082,40.759165,"107.418082,40.719165","107.418082,40.799165","107.388082,40.759165","107.448082,40.759165"
79,内蒙古自治区,包头市,东河区,东站街道办事处,站北路社区居委会,110.070141,40.589124,"110.070141,40.549124","110.070141,40.629124","110.040141,40.589124","110.100141,40.589124"
80,内蒙古自治区,包头市,东河区,河东街道办事处,巴彦东第一社区,110.070141,40.589124,"110.070141,40.549124","110.070141,40.629124","110.040141,40.589124","110.100141,40.589124"
78,内蒙古自治区,包头市,东河区,南门外街道办事处,东官房社区居委会,110.039048,40.588218,"110.039048,40.548218","110.039048,40.628218","110.009048,40.588218","110.069048,40.588218"
77,内蒙古自治区,包头市,东河区,西脑包街道办事处,景苑社区居委会,110.020037,40.598619,"110.020037,40.558619","110.020037,40.638619","109.990037,40.598619","110.050037,40.598619"
76,内蒙古自治区,呼和浩特市,新城区,成吉思汗大街街道办事处,一家村村委会,111.677118,40.862474,"111.677118,40.822474","111.677118,40.902474","111.647118,40.862474","111.707118,40.862474"
73,内蒙古自治区,呼和浩特市,新城区,海拉尔东路街道办事处,内蒙古工业大学社区居委会,111.690351,40.853227,"111.690351,40.813227","111.690351,40.893227","111.660351,40.853227","111.720351,40.853227"
74,内蒙古自治区,呼和浩特市,新城区,西街街道办事处,艺术厅北街社区居委会,111.688588,40.832071,"111.688588,40.792071","111.688588,40.872071","111.658588,40.832071","111.718588,40.832071"
75,内蒙古自治区,呼和浩特市,新城区,迎新路街道办事处,如意社区居委会,111.736908,40.844366,"111.736908,40.804366","111.736908,40.884366","111.706908,40.844366","111.766908,40.844366"
590,宁夏,石嘴山市,惠农区,河滨街道办事处,荷花居委会,106.613773,39.108074,"106.613773,39.068074","106.613773,39.148074","106.583773,39.108074","106.643773,39.108074"
592,宁夏,石嘴山市,惠农区,简泉农场,简泉农场虚拟村委会,106.486731,39.075404,"106.486731,39.035404","106.486731,39.115404","106.456731,39.075404","106.516731,39.075404"
589,宁夏,石嘴山市,惠农区,南街街道办事处,矿中居委会,106.778355,39.230837,"106.778355,39.190837","106.778355,39.270837","106.748355,39.230837","106.808355,39.230837"
591,宁夏,石嘴山市,惠农区,园艺镇,吉运居委会,106.776441,39.215983,"106.776441,39.175983","106.776441,39.255983","106.746441,39.215983","106.806441,39.215983"
587,青海省,海南藏族自治州,贵德县,常牧镇,上兰角村村委会,101.510577,35.929454,"101.510577,35.889454","101.510577,35.969454","101.480577,35.929454","101.540577,35.929454"
588,青海省,海南藏族自治州,贵德县,河东乡,西北村村委会,101.52061,36.084778,"101.52061,36.044778","101.52061,36.124778","101.49061,36.084778","101.55061,36.084778"
586,青海省,海南藏族自治州,贵德县,河西镇,多勒仓村村委会,101.404291,36.035849,"101.404291,35.995849","101.404291,36.075849","101.374291,36.035849","101.434291,36.035849"
585,青海省,海南藏族自治州,贵德县,河阴镇,城西居委会,101.43906,36.047225,"101.43906,36.007225","101.43906,36.087225","101.40906,36.047225","101.46906,36.047225"
293,山东省,德州市,乐陵市,市中街道,富城社区,117.222412,37.726093,"117.222412,37.686093","117.222412,37.766093","117.192412,37.726093","117.252412,37.726093"
296,山东省,德州市,乐陵市,铁营镇,四张社区,117.251544,37.68951,"117.251544,37.64951","117.251544,37.72951","117.221544,37.68951","117.281544,37.68951"
295,山东省,德州市,乐陵市,郑店镇,张心白村,117.149437,37.508556,"117.149437,37.468556","117.149437,37.548556","117.119437,37.508556","117.179437,37.508556"
294,山东省,德州市,乐陵市,朱集镇,刘许社区,117.277674,37.791204,"117.277674,37.751204","117.277674,37.831204","117.247674,37.791204","117.307674,37.791204"
292,山东省,德州市,齐河县,华店乡,大周社区村委会,116.672981,36.802648,"116.672981,36.762648","116.672981,36.842648","116.642981,36.802648","116.702981,36.802648"
289,山东省,德州市,齐河县,焦庙镇,杜庄村委会,116.659389,36.661294,"116.659389,36.621294","116.659389,36.701294","116.629389,36.661294","116.689389,36.661294"
290,山东省,德州市,齐河县,马集镇,韩庄村委会,116.554077,36.455498,"116.554077,36.415498","116.554077,36.495498","116.524077,36.455498","116.584077,36.455498"
291,山东省,德州市,齐河县,晏城街道办事处,永和社区居民委员会,116.772809,36.805995,"116.772809,36.765995","116.772809,36.845995","116.742809,36.805995","116.802809,36.805995"
299,山东省,菏泽市,鄄城县,董口镇,后田铺村,115.413133,35.507664,"115.413133,35.467664","115.413133,35.547664","115.383133,35.507664","115.443133,35.507664"
297,山东省,菏泽市,鄄城县,古泉街道,虹桥社区,115.519435,35.573372,"115.519435,35.533372","115.519435,35.613372","115.489435,35.573372","115.549435,35.573372"
298,山东省,菏泽市,鄄城县,旧城镇,宋楼村委,115.586505,35.681488,"115.586505,35.641488","115.586505,35.721488","115.556505,35.681488","115.616505,35.681488"
300,山东省,菏泽市,鄄城县,郑营镇,王屯村委,115.476206,35.563151,"115.476206,35.523151","115.476206,35.603151","115.446206,35.563151","115.506206,35.563151"
257,山东省,济南市,历城区,东风街道办事处,洪苑社区居委会,117.078928,36.694677,"117.078928,36.654677","117.078928,36.734677","117.048928,36.694677","117.108928,36.694677"
259,山东省,济南市,历城区,港沟街道办事处,寨而头村民委员会,117.212196,36.681208,"117.212196,36.641208","117.212196,36.721208","117.182196,36.681208","117.242196,36.681208"
258,山东省,济南市,历城区,荷花路街道办事处,埝头村民委员会,117.113133,36.761682,"117.113133,36.721682","117.113133,36.801682","117.083133,36.761682","117.143133,36.761682"
260,山东省,济南市,历城区,唐王镇,娄家庄村民委员会,117.302163,36.801873,"117.302163,36.761873","117.302163,36.841873","117.272163,36.801873","117.332163,36.801873"
262,山东省,济南市,商河县,怀仁镇,怀仁村委会,117.054834,37.409187,"117.054834,37.369187","117.054834,37.449187","117.024834,37.409187","117.084834,37.409187"
263,山东省,济南市,商河县,贾庄镇,栾家洼村委会,117.07938,37.273362,"117.07938,37.233362","117.07938,37.313362","117.04938,37.273362","117.10938,37.273362"
264,山东省,济南市,商河县,沙河乡,沙河村委会,117.279341,37.427173,"117.279341,37.387173","117.279341,37.467173","117.249341,37.427173","117.309341,37.427173"
261,山东省,济南市,商河县,许商办事处,明辉居委会,117.208714,37.325947,"117.208714,37.285947","117.208714,37.365947","117.178714,37.325947","117.238714,37.325947"
274,山东省,济宁市,市中区,阜桥街道办事处,津浦街社区居民委,116.595798,35.415983,"116.595798,35.375983","116.595798,35.455983","116.565798,35.415983","116.625798,35.415983"
273,山东省,济宁市,市中区,古槐街道办事处,吉祥社区居民委员,116.58686,35.420594,"116.58686,35.380594","116.58686,35.460594","116.55686,35.420594","116.61686,35.420594"
275,山东省,济宁市,市中区,观音阁街道办事处,后营社区居民委员,116.611681,35.404701,"116.611681,35.364701","116.611681,35.444701","116.581681,35.404701","116.641681,35.404701"
276,山东省,济宁市,市中区,唐口街道办事处,崔堂村村委会,116.59834,35.410529,"116.59834,35.370529","116.59834,35.450529","116.56834,35.410529","116.62834,35.410529"
287,山东省,临沂市,河东区,凤凰岭街道办事处,潘家湖村,118.493561,35.07841,"118.493561,35.03841","118.493561,35.11841","118.463561,35.07841","118.523561,35.07841"
285,山东省,临沂市,河东区,九曲街道办事处,安居小区社区居委会,118.392395,35.088545,"118.392395,35.048545","118.392395,35.128545","118.362395,35.088545","118.422395,35.088545"
286,山东省,临沂市,河东区,汤头街道办事处,前林子村委会,118.518324,35.272316,"118.518324,35.232316","118.518324,35.312316","118.488324,35.272316","118.548324,35.272316"
288,山东省,临沂市,河东区,郑旺镇,林家湾沟北村民委员会,118.611493,35.175012,"118.611493,35.135012","118.611493,35.215012","118.581493,35.175012","118.641493,35.175012"
278,山东省,泰安市,泰山区,财源街道办事处,中七社区居委会,117.097286,36.194584,"117.097286,36.154584","117.097286,36.234584","117.067286,36.194584","117.127286,36.194584"
277,山东省,泰安市,泰山区,岱庙街道办事处,东湖社区居委会,117.156469,36.199104,"117.156469,36.159104","117.156469,36.239104","117.126469,36.199104","117.186469,36.199104"
280,山东省,泰安市,泰山区,上高街道办事处,凤台村委会,117.178873,36.184256,"117.178873,36.144256","117.178873,36.224256","117.148873,36.184256","117.208873,36.184256"
279,山东省,泰安市,泰山区,泰前街道办事处,农大社区居委会,117.132987,36.213518,"117.132987,36.173518","117.132987,36.253518","117.102987,36.213518","117.162987,36.213518"
284,山东省,泰安市,新泰市,谷里镇,北高平村村委会,117.466538,35.890442,"117.466538,35.850442","117.466538,35.930442","117.436538,35.890442","117.496538,35.890442"
283,山东省,泰安市,新泰市,果都镇,南石沟村村委会,117.498257,35.942856,"117.498257,35.902856","117.498257,35.982856","117.468257,35.942856","117.528257,35.942856"
281,山东省,泰安市,新泰市,青云街道办事处,府东社区居委会,117.777268,35.915434,"117.777268,35.875434","117.777268,35.955434","117.747268,35.915434","117.807268,35.915434"
282,山东省,泰安市,新泰市,新汶街道办事处,黄山村委会,117.68413,35.870858,"117.68413,35.830858","117.68413,35.910858","117.65413,35.870858","117.71413,35.870858"
269,山东省,潍坊市,昌邑市,都昌街道办事处,刘家辛戈社区居委,119.395842,36.848714,"119.395842,36.808714","119.395842,36.888714","119.365842,36.848714","119.425842,36.848714"
270,山东省,潍坊市,昌邑市,围子街道办事处,西小章村委会,119.467252,36.854662,"119.467252,36.814662","119.467252,36.894662","119.437252,36.854662","119.497252,36.854662"
272,山东省,潍坊市,昌邑市,下营镇,廒里村委会,119.489498,37.072807,"119.489498,37.032807","119.489498,37.112807","119.459498,37.072807","119.519498,37.072807"
271,山东省,潍坊市,昌邑市,饮马镇,杨家屯村委会,119.47947,36.661151,"119.47947,36.621151","119.47947,36.701151","119.44947,36.661151","119.50947,36.661151"
265,山东省,烟台市,龙口市,龙港街道,央格庄居委会,120.340808,37.640253,"120.340808,37.600253","120.340808,37.680253","120.310808,37.640253","120.370808,37.640253"
267,山东省,烟台市,龙口市,芦头镇,芦头村委会,120.471562,37.613011,"120.471562,37.573011","120.471562,37.653011","120.441562,37.613011","120.501562,37.613011"
266,山东省,烟台市,龙口市,徐福街道办事处,桑岛村委会,120.535537,37.657743,"120.535537,37.617743","120.535537,37.697743","120.505537,37.657743","120.565537,37.657743"
268,山东省,烟台市,龙口市,诸由观镇,东河阳村委会,120.596111,37.694303,"120.596111,37.654303","120.596111,37.734303","120.566111,37.694303","120.626111,37.694303"
60,山西省,大同市,天镇县,南河堡乡,于八里村委会,114.048629,40.349235,"114.048629,40.309235","114.048629,40.389235","114.018629,40.349235","114.078629,40.349235"
59,山西省,大同市,天镇县,新平镇,新平村委会,114.088257,40.663707,"114.088257,40.623707","114.088257,40.703707","114.058257,40.663707","114.118257,40.663707"
57,山西省,大同市,天镇县,玉泉镇,平安里社区居委会,114.099764,40.427683,"114.099764,40.387683","114.099764,40.467683","114.069764,40.427683","114.129764,40.427683"
58,山西省,大同市,天镇县,玉泉镇,鲍家屯村委会,114.099764,40.427683,"114.099764,40.387683","114.099764,40.467683","114.069764,40.427683","114.129764,40.427683"
72,山西省,吕梁市,方山县,大武镇,王家庄村委会,111.174633,37.652083,"111.174633,37.612083","111.174633,37.692083","111.144633,37.652083","111.204633,37.652083"
69,山西省,吕梁市,方山县,圪洞镇,武当社区,111.244698,37.896656,"111.244698,37.856656","111.244698,37.936656","111.214698,37.896656","111.274698,37.896656"
70,山西省,吕梁市,方山县,圪洞镇,秦家坡村委会,111.244698,37.896656,"111.244698,37.856656","111.244698,37.936656","111.214698,37.896656","111.274698,37.896656"
71,山西省,吕梁市,方山县,峪口镇,峪口村委会,111.230333,37.747892,"111.230333,37.707892","111.230333,37.787892","111.200333,37.747892","111.260333,37.747892"
65,山西省,吕梁市,离石区,滨河街道办事处,永东居委会,111.182752,37.531397,"111.182752,37.491397","111.182752,37.571397","111.152752,37.531397","111.212752,37.531397"
66,山西省,吕梁市,离石区,凤山街道办事处,城北居委会,111.146835,37.531059,"111.146835,37.491059","111.146835,37.571059","111.116835,37.531059","111.176835,37.531059"
599,山西省,吕梁市,离石区,凤山街道办事处,团结社区居委会,111.146835,37.531059,"111.146835,37.491059","111.146835,37.571059","111.116835,37.531059","111.176835,37.531059"
67,山西省,吕梁市,离石区,莲花池街道办事处,南关居委会,111.10759,37.498351,"111.10759,37.458351","111.10759,37.538351","111.07759,37.498351","111.13759,37.498351"
68,山西省,吕梁市,离石区,西属巴街道办事处,西属巴村村委会,111.149434,37.605145,"111.149434,37.565145","111.149434,37.645145","111.119434,37.605145","111.179434,37.605145"
61,山西省,长治市,长治县,韩店镇,长安街居委会,113.055677,36.051744,"113.055677,36.011744","113.055677,36.091744","113.025677,36.051744","113.085677,36.051744"
62,山西省,长治市,长治县,苏店镇,南董村委会,113.09308,36.114214,"113.09308,36.074214","113.09308,36.154214","113.06308,36.114214","113.12308,36.114214"
64,山西省,长治市,长治县,西池乡,西故县村委会,113.128649,36.024018,"113.128649,35.984018","113.128649,36.064018","113.098649,36.024018","113.158649,36.024018"
63,山西省,长治市,长治县,西火镇,山后村委会,113.160087,35.936511,"113.160087,35.896511","113.160087,35.976511","113.130087,35.936511","113.190087,35.936511"
569,陕西省,安康市,岚皋县,城关镇,第二居委会/新城社区居委会,108.910843,32.311537,"108.910843,32.271537","108.910843,32.351537","108.880843,32.311537","108.940843,32.311537"
572,陕西省,安康市,岚皋县,横溪乡,兴坪村委会,108.818796,32.220956,"108.818796,32.180956","108.818796,32.260956","108.788796,32.220956","108.848796,32.220956"
570,陕西省,安康市,岚皋县,花里镇,金寨村委会,109.041226,32.205169,"109.041226,32.165169","109.041226,32.245169","109.011226,32.205169","109.071226,32.205169"
571,陕西省,安康市,岚皋县,民主镇,德胜村委会,108.732625,32.413211,"108.732625,32.373211","108.732625,32.453211","108.702625,32.413211","108.762625,32.413211"
557,陕西省,宝鸡市,扶风县,城关镇,西关社区居委会,107.881207,34.365901,"107.881207,34.325901","107.881207,34.405901","107.851207,34.365901","107.911207,34.365901"
559,陕西省,宝鸡市,扶风县,段家镇,谷家村委会,107.916237,34.313721,"107.916237,34.273721","107.916237,34.353721","107.886237,34.313721","107.946237,34.313721"
560,陕西省,宝鸡市,扶风县,法门镇,均谊村委会,107.897078,34.404308,"107.897078,34.364308","107.897078,34.444308","107.867078,34.404308","107.927078,34.404308"
558,陕西省,宝鸡市,扶风县,天度镇,永平村委会,107.974968,34.495897,"107.974968,34.455897","107.974968,34.535897","107.944968,34.495897","108.004968,34.495897"
563,陕西省,汉中市,勉县,金泉镇,勤俭村委会,106.900338,33.134027,"106.900338,33.094027","106.900338,33.174027","106.870338,33.134027","106.930338,33.134027"
561,陕西省,汉中市,勉县,勉阳镇,联盟社区居委会,106.692078,33.17136,"106.692078,33.13136","106.692078,33.21136","106.662078,33.17136","106.722078,33.17136"
564,陕西省,汉中市,勉县,青羊驿镇,兴隆桥村委会,106.433294,33.099311,"106.433294,33.059311","106.433294,33.139311","106.403294,33.099311","106.463294,33.099311"
562,陕西省,汉中市,勉县,同沟寺镇,照壁山村委会,106.759856,33.175757,"106.759856,33.135757","106.759856,33.215757","106.729856,33.175757","106.789856,33.175757"
555,陕西省,西安市,灞桥区,狄寨街道办事处,江村委会,109.069715,34.294084,"109.069715,34.254084","109.069715,34.334084","109.039715,34.294084","109.099715,34.294084"
553,陕西省,西安市,灞桥区,十里铺街道办事处,长十路社区居委会,109.03205,34.29443,"109.03205,34.25443","109.03205,34.33443","109.00205,34.29443","109.06205,34.29443"
554,陕西省,西安市,灞桥区,席王街道办事处,唐都社区居委会,109.123214,34.215161,"109.123214,34.175161","109.123214,34.255161","109.093214,34.215161","109.153214,34.215161"
556,陕西省,西安市,灞桥区,新筑街道办事处,骞村委会,109.066952,34.38982,"109.066952,34.34982","109.066952,34.42982","109.036952,34.38982","109.096952,34.38982"
568,陕西省,榆林市,神木县,大保当镇,永丰村委会,110.009206,38.660051,"110.009206,38.620051","110.009206,38.700051","109.979206,38.660051","110.039206,38.660051"
565,陕西省,榆林市,神木县,神木镇,神木镇人民路社区居委会,110.495654,38.841265,"110.495654,38.801265","110.495654,38.881265","110.465654,38.841265","110.525654,38.841265"
566,陕西省,榆林市,神木县,神木镇,神木镇兴南路社区居委会,110.434275,38.827168,"110.434275,38.787168","110.434275,38.867168","110.404275,38.827168","110.464275,38.827168"
567,陕西省,榆林市,神木县,孙家岔镇,柠条塔村委会,110.360387,39.153808,"110.360387,39.113808","110.360387,39.193808","110.330387,39.153808","110.390387,39.153808"
8,上海市,上海市,嘉定区,江桥镇,江宁社区居委会,121.33806,31.245433,"121.33806,31.205433","121.33806,31.285433","121.30806,31.245433","121.36806,31.245433"
7,上海市,上海市,嘉定区,马陆镇,李家村村委会,121.251014,31.364338,"121.251014,31.324338","121.251014,31.404338","121.221014,31.364338","121.281014,31.364338"
6,上海市,上海市,嘉定区,南翔镇,红翔村,121.305822,31.292661,"121.305822,31.252661","121.305822,31.332661","121.275822,31.292661","121.335822,31.292661"
5,上海市,上海市,嘉定区,新成路街道,爱里舍花园社区居委会,121.270944,31.374266,"121.270944,31.334266","121.270944,31.414266","121.240944,31.374266","121.300944,31.374266"
1,上海市,上海市,徐汇区,枫林路街道,宛南新村第一、二居委会,121.455617,31.189537,"121.455617,31.149537","121.455617,31.229537","121.425617,31.189537","121.485617,31.189537"
2,上海市,上海市,徐汇区,虹梅路街道,东兰路居委会,121.402349,31.161609,"121.402349,31.121609","121.402349,31.201609","121.372349,31.161609","121.432349,31.161609"
4,上海市,上海市,徐汇区,华泾镇,沙家浜居委会,121.468671,31.122226,"121.468671,31.082226","121.468671,31.162226","121.438671,31.122226","121.498671,31.122226"
3,上海市,上海市,徐汇区,凌云路街道,金塘居委会,121.426855,31.142773,"121.426855,31.102773","121.426855,31.182773","121.396855,31.142773","121.456855,31.142773"
484,四川省,成都市,蒲江县,复兴乡,三义村村委会,105.000315,29.189474,"105.000315,29.149474","105.000315,29.229474","104.970315,29.189474","105.030315,29.189474"
481,四川省,成都市,蒲江县,鹤山镇,了翁社区居委会,103.515535,30.204848,"103.515535,30.164848","103.515535,30.244848","103.485535,30.204848","103.545535,30.204848"
482,四川省,成都市,蒲江县,寿安镇,五星社区居委会,103.631437,30.271325,"103.631437,30.231325","103.631437,30.311325","103.601437,30.271325","103.661437,30.271325"
483,四川省,成都市,蒲江县,西来镇,石桥村村委会,103.525151,30.282731,"103.525151,30.242731","103.525151,30.322731","103.495151,30.282731","103.555151,30.282731"
478,四川省,成都市,武侯区,红牌楼街道办事处,龙爪社区居委会,104.024059,30.649575,"104.024059,30.609575","104.024059,30.689575","103.994059,30.649575","104.054059,30.649575"
479,四川省,成都市,武侯区,金花桥街道办事处,马家河村村委会,103.963808,30.642937,"103.963808,30.602937","103.963808,30.682937","103.933808,30.642937","103.993808,30.642937"
480,四川省,成都市,武侯区,石羊街道办事处,机投桥居委会,104.057617,30.603281,"104.057617,30.563281","104.057617,30.643281","104.027617,30.603281","104.087617,30.603281"
477,四川省,成都市,武侯区,跳伞塔街道办事处,棕南社区居委会,104.08132,30.627508,"104.08132,30.587508","104.08132,30.667508","104.05132,30.627508","104.11132,30.627508"
498,四川省,乐山市,五通桥区,桥沟镇,桥兴社区居委会,103.837983,29.351945,"103.837983,29.311945","103.837983,29.391945","103.807983,29.351945","103.867983,29.351945"
500,四川省,乐山市,五通桥区,石麟镇,莲池村委会,103.690052,29.405105,"103.690052,29.365105","103.690052,29.445105","103.660052,29.405105","103.720052,29.405105"
499,四川省,乐山市,五通桥区,西坝镇,前丰村委会,103.767048,29.390168,"103.767048,29.350168","103.767048,29.430168","103.737048,29.390168","103.797048,29.390168"
497,四川省,乐山市,五通桥区,竹根镇,新华村委会,103.818832,29.398066,"103.818832,29.358066","103.818832,29.438066","103.788832,29.398066","103.848832,29.398066"
505,四川省,南充市,阆中市,保宁街道,三陈街社区居民委员会,105.982851,31.580332,"105.982851,31.540332","105.982851,31.620332","105.952851,31.580332","106.012851,31.580332"
507,四川省,南充市,阆中市,老观镇,平安村民委员会,106.148286,31.75507,"106.148286,31.71507","106.148286,31.79507","106.118286,31.75507","106.178286,31.75507"
506,四川省,南充市,阆中市,七里街道,孙家垭社区居民委员会,106.030067,31.534257,"106.030067,31.494257","106.030067,31.574257","106.000067,31.534257","106.060067,31.534257"
508,四川省,南充市,阆中市,天宫乡,西河塘村民委员会,105.864179,31.441329,"105.864179,31.401329","105.864179,31.481329","105.834179,31.441329","105.894179,31.441329"
504,四川省,南充市,仪陇县,柴井乡,空树垭村委会,106.278525,31.352697,"106.278525,31.312697","106.278525,31.392697","106.248525,31.352697","106.308525,31.352697"
502,四川省,南充市,仪陇县,三河镇,瓦窑坝村委会,106.738567,31.417552,"106.738567,31.377552","106.738567,31.457552","106.708567,31.417552","106.768567,31.417552"
503,四川省,南充市,仪陇县,铜鼓乡,盐井坝村委会,106.383845,31.437492,"106.383845,31.397492","106.383845,31.477492","106.353845,31.437492","106.413845,31.437492"
501,四川省,南充市,仪陇县,永乐镇,牌楼沟村委会,106.558549,31.380784,"106.558549,31.340784","106.558549,31.420784","106.528549,31.380784","106.588549,31.380784"
490,四川省,内江市,东兴区,胜利镇,三湾社区居委会,105.076356,29.610764,"105.076356,29.570764","105.076356,29.650764","105.046356,29.610764","105.106356,29.610764"
491,四川省,内江市,东兴区,石子镇,三县寺村村委会,105.38299,29.669,"105.38299,29.629","105.38299,29.709","105.35299,29.669","105.41299,29.669"
492,四川省,内江市,东兴区,双桥乡,金子桥村村委会,105.168293,29.814688,"105.168293,29.774688","105.168293,29.854688","105.138293,29.814688","105.198293,29.814688"
489,四川省,内江市,东兴区,西林街道,师院社区居委会,105.070873,29.600309,"105.070873,29.560309","105.070873,29.640309","105.040873,29.600309","105.100873,29.600309"
495,四川省,内江市,资中县,公民镇,徐家冲村委会,104.842957,29.6778,"104.842957,29.6378","104.842957,29.7178","104.812957,29.6778","104.872957,29.6778"
493,四川省,内江市,资中县,球溪镇,交通街社区居委会,104.629791,29.914177,"104.629791,29.874177","104.629791,29.954177","104.599791,29.914177","104.659791,29.914177"
496,四川省,内江市,资中县,狮子镇,坊家铺村委会,105.004086,29.809927,"105.004086,29.769927","105.004086,29.849927","104.974086,29.809927","105.034086,29.809927"
494,四川省,内江市,资中县,太平镇,任家村委会,105.051482,29.791324,"105.051482,29.751324","105.051482,29.831324","105.021482,29.791324","105.081482,29.791324"
510,四川省,资阳市,简阳市,东溪镇,东溪社区居民委员会,104.570068,30.392982,"104.570068,30.352982","104.570068,30.432982","104.540068,30.392982","104.600068,30.392982"
509,四川省,资阳市,简阳市,简城镇,白塔社区居民委员会,104.556258,30.39823,"104.556258,30.35823","104.556258,30.43823","104.526258,30.39823","104.586258,30.39823"
512,四川省,资阳市,简阳市,平窝乡,古佛庵村村民委员会,104.571853,30.50853,"104.571853,30.46853","104.571853,30.54853","104.541853,30.50853","104.601853,30.50853"
511,四川省,资阳市,简阳市,镇金镇,凤亭村村民委员会,104.536305,30.393006,"104.536305,30.353006","104.536305,30.433006","104.506305,30.393006","104.566305,30.393006"
485,四川省,自贡市,富顺县,富世镇,富州花园社区居委会,103.438447,30.321027,"103.438447,30.281027","103.438447,30.361027","103.408447,30.321027","103.468447,30.321027"
487,四川省,自贡市,富顺县,古佛镇,田边村委会,105.237494,29.143777,"105.237494,29.103777","105.237494,29.183777","105.207494,29.143777","105.267494,29.143777"
486,四川省,自贡市,富顺县,琵琶镇,金竹村委会,105.072145,29.132773,"105.072145,29.092773","105.072145,29.172773","105.042145,29.132773","105.102145,29.132773"
488,四川省,自贡市,富顺县,赵化镇,鸭池村,105.17511,28.987449,"105.17511,28.947449","105.17511,29.027449","105.14511,28.987449","105.20511,28.987449"
23,天津市,天津市,蓟县,白涧镇,刘吉素村委会,117.232012,40.016,"117.232012,39.976","117.232012,40.056","117.202012,40.016","117.262012,40.016"
24,天津市,天津市,蓟县,出头岭镇,大安平村委会,117.700354,40.094714,"117.700354,40.054714","117.700354,40.134714","117.670354,40.094714","117.730354,40.094714"
21,天津市,天津市,蓟县,文昌街道办事处,花园新村社区居委会,117.41782,40.050128,"117.41782,40.010128","117.41782,40.090128","117.38782,40.050128","117.44782,40.050128"
22,天津市,天津市,蓟县,下营镇,赤霞峪村委会,117.572546,40.168916,"117.572546,40.128916","117.572546,40.208916","117.542546,40.168916","117.602546,40.168916"
17,天津市,天津市,南开区,广开街道,凤荷天江社区居委会,117.173224,39.141276,"117.173224,39.101276","117.173224,39.181276","117.143224,39.141276","117.203224,39.141276"
20,天津市,天津市,南开区,华苑街道,安华里社区居委会,117.146431,39.083192,"117.146431,39.043192","117.146431,39.123192","117.116431,39.083192","117.176431,39.083192"
19,天津市,天津市,南开区,王顶堤街道,淦江里社区居委会,117.151656,39.108743,"117.151656,39.068743","117.151656,39.148743","117.121656,39.108743","117.181656,39.108743"
18,天津市,天津市,南开区,向阳路街道,云阳里社区居委会,117.142057,39.147906,"117.142057,39.107906","117.142057,39.187906","117.112057,39.147906","117.172057,39.147906"
551,西藏自治区,日喀则市,南木林县,艾玛乡,松多村,89.149677,29.374756,"89.149677,29.334756","89.149677,29.414756","89.119677,29.374756","89.179677,29.374756"
552,西藏自治区,日喀则市,南木林县,达那乡,达那村,88.956063,29.26816,"88.956063,29.22816","88.956063,29.30816","88.926063,29.26816","88.986063,29.26816"
550,西藏自治区,日喀则市,南木林县,卡孜乡,聂仓村,89.068878,29.622457,"89.068878,29.582457","89.068878,29.662457","89.038878,29.622457","89.098878,29.622457"
549,西藏自治区,日喀则市,南木林县,南木林镇,雪堆村,89.107792,29.690718,"89.107792,29.650718","89.107792,29.730718","89.077792,29.690718","89.137792,29.690718"
530,云南省,楚雄彝族自治州,禄丰县,碧城镇,前营村民委员会,102.301637,25.261974,"102.301637,25.221974","102.301637,25.301974","102.271637,25.261974","102.331637,25.261974"
531,云南省,楚雄彝族自治州,禄丰县,广通镇,甸尾村民委员会,101.749936,25.189365,"101.749936,25.149365","101.749936,25.229365","101.719936,25.189365","101.779936,25.189365"
529,云南省,楚雄彝族自治州,禄丰县,金山镇,官场社区居民委员会,102.077771,25.137937,"102.077771,25.097937","102.077771,25.177937","102.047771,25.137937","102.107771,25.137937"
532,云南省,楚雄彝族自治州,禄丰县,恐龙山镇,长田村民委员会,102.107329,24.954753,"102.107329,24.914753","102.107329,24.994753","102.077329,24.954753","102.137329,24.954753"
547,云南省,德宏傣族景颇族自治州,芒市,风平镇,帕底村民委员会,98.525225,24.40253,"98.525225,24.36253","98.525225,24.44253","98.495225,24.40253","98.555225,24.40253"
545,云南省,德宏傣族景颇族自治州,芒市,勐焕街道办事处,丙午社区居民委员会,98.59197,24.457196,"98.59197,24.417196","98.59197,24.497196","98.56197,24.457196","98.62197,24.457196"
546,云南省,德宏傣族景颇族自治州,芒市,遮放镇,户闷村民委员会,98.282611,24.259082,"98.282611,24.219082","98.282611,24.299082","98.252611,24.259082","98.312611,24.259082"
548,云南省,德宏傣族景颇族自治州,芒市,中山乡,芒丙村民委员会,98.580829,24.13591,"98.580829,24.09591","98.580829,24.17591","98.550829,24.13591","98.610829,24.13591"
533,云南省,红河哈尼族彝族自治州,个旧市,城区街道办事处,和平社区居委会,103.149155,23.305692,"103.149155,23.265692","103.149155,23.345692","103.119155,23.305692","103.179155,23.305692"
534,云南省,红河哈尼族彝族自治州,个旧市,城区街道办事处,云锡机关社区居委会,103.149155,23.305692,"103.149155,23.265692","103.149155,23.345692","103.119155,23.305692","103.179155,23.305692"
535,云南省,红河哈尼族彝族自治州,个旧市,鸡街镇,水龙井村民委员会,103.170092,23.440832,"103.170092,23.400832","103.170092,23.480832","103.140092,23.440832","103.200092,23.440832"
536,云南省,红河哈尼族彝族自治州,个旧市,卡房镇,卡房社区居委会,103.153606,23.260167,"103.153606,23.220167","103.153606,23.300167","103.123606,23.260167","103.183606,23.260167"
538,云南省,红河哈尼族彝族自治州,泸西县,旧城镇,旧城村委会,103.738986,24.695572,"103.738986,24.655572","103.738986,24.735572","103.708986,24.695572","103.768986,24.695572"
539,云南省,红河哈尼族彝族自治州,泸西县,午街铺镇,水塘村委会,103.624612,24.509445,"103.624612,24.469445","103.624612,24.549445","103.594612,24.509445","103.654612,24.509445"
540,云南省,红河哈尼族彝族自治州,泸西县,永宁乡,永宁村委会,103.695306,24.378061,"103.695306,24.338061","103.695306,24.418061","103.665306,24.378061","103.725306,24.378061"
537,云南省,红河哈尼族彝族自治州,泸西县,中枢镇,西华村委会,103.720765,24.512536,"103.720765,24.472536","103.720765,24.552536","103.690765,24.512536","103.750765,24.512536"
541,云南省,文山壮族苗族自治州,丘北县,锦屏镇,常青社区,104.198394,24.045343,"104.198394,24.005343","104.198394,24.085343","104.168394,24.045343","104.228394,24.045343"
543,云南省,文山壮族苗族自治州,丘北县,平寨乡,平寨村委会,104.375444,24.056135,"104.375444,24.016135","104.375444,24.096135","104.345444,24.056135","104.405444,24.056135"
544,云南省,文山壮族苗族自治州,丘北县,舍得彝族乡,落母村委会,103.874801,24.240676,"103.874801,24.200676","103.874801,24.280676","103.844801,24.240676","103.904801,24.240676"
542,云南省,文山壮族苗族自治州,丘北县,双龙营镇,野猪塘村委会,104.206,24.202018,"104.206,24.162018","104.206,24.242018","104.176,24.202018","104.236,24.202018"
169,浙江省,杭州市,萧山区,城厢街道,百尺揪游会,120.277598,30.166286,"120.277598,30.126286","120.277598,30.206286","120.247598,30.166286","120.307598,30.166286"
172,浙江省,杭州市,萧山区,瓜沥镇,芭蕉砚社区,120.463363,30.181099,"120.463363,30.141099","120.463363,30.221099","120.433363,30.181099","120.493363,30.181099"
171,浙江省,杭州市,萧山区,临浦镇,临一村委会,120.255423,30.051425,"120.255423,30.011425","120.255423,30.091425","120.225423,30.051425","120.285423,30.051425"
170,浙江省,杭州市,萧山区,义蓬街道,头蓬社区,120.516998,30.313583,"120.516998,30.273583","120.516998,30.353583","120.486998,30.313583","120.546998,30.313583"
176,浙江省,宁波市,鄞州区,古林镇,枫园社区,121.700783,29.958594,"121.700783,29.918594","121.700783,29.998594","121.670783,29.958594","121.730783,29.958594"
174,浙江省,宁波市,鄞州区,姜山镇,上游村委会,121.556316,29.726711,"121.556316,29.686711","121.556316,29.766711","121.526316,29.726711","121.586316,29.726711"
175,浙江省,宁波市,鄞州区,瞻岐镇,方桥村村委会,121.799053,29.728684,"121.799053,29.688684","121.799053,29.768684","121.769053,29.728684","121.829053,29.728684"
173,浙江省,宁波市,鄞州区,钟公庙街道,繁裕社区居委会,121.544976,29.821358,"121.544976,29.781358","121.544976,29.861358","121.514976,29.821358","121.574976,29.821358"
185,浙江省,台州市,天台县,赤城街道,跃龙社区,121.042506,29.150179,"121.042506,29.110179","121.042506,29.190179","121.012506,29.150179","121.072506,29.150179"
186,浙江省,台州市,天台县,福溪街道,桥南社区,121.023098,29.126979,"121.023098,29.086979","121.023098,29.166979","120.993098,29.126979","121.053098,29.126979"
187,浙江省,台州市,天台县,街头镇,石柱村委会,120.825378,29.098745,"120.825378,29.058745","120.825378,29.138745","120.795378,29.098745","120.855378,29.098745"
188,浙江省,台州市,天台县,坦头镇,八一村委会,121.136187,29.113407,"121.136187,29.073407","121.136187,29.153407","121.106187,29.113407","121.166187,29.113407"
192,浙江省,台州市,温岭市,石塘镇,红岩村委会,121.648149,28.304831,"121.648149,28.264831","121.648149,28.344831","121.618149,28.304831","121.678149,28.304831"
191,浙江省,台州市,温岭市,松门镇,松南村委会,121.607342,28.345939,"121.607342,28.305939","121.607342,28.385939","121.577342,28.345939","121.637342,28.345939"
189,浙江省,台州市,温岭市,太平街道,锦屏社区,121.404739,28.37377,"121.404739,28.33377","121.404739,28.41377","121.374739,28.37377","121.434739,28.37377"
190,浙江省,台州市,温岭市,泽国镇,山北居委会,121.347642,28.50146,"121.347642,28.46146","121.347642,28.54146","121.317642,28.50146","121.377642,28.50146"
183,浙江省,温州市,乐清市,白石镇,街口村委会,120.871294,28.093296,"120.871294,28.053296","120.871294,28.133296","120.841294,28.093296","120.901294,28.093296"
184,浙江省,温州市,乐清市,北白象镇,漳湾村委会,120.867318,28.040204,"120.867318,28.000204","120.867318,28.080204","120.837318,28.040204","120.897318,28.040204"
181,浙江省,温州市,乐清市,乐成镇,乐怡社区,120.975997,28.127543,"120.975997,28.087543","120.975997,28.167543","120.945997,28.127543","121.005997,28.127543"
182,浙江省,温州市,乐清市,清江镇,邺岙村委会,121.098781,28.250053,"121.098781,28.210053","121.098781,28.290053","121.068781,28.250053","121.128781,28.250053"
178,浙江省,温州市,龙湾区,海城街道,石坦村委会,120.769914,27.836004,"120.769914,27.796004","120.769914,27.876004","120.739914,27.836004","120.799914,27.836004"
177,浙江省,温州市,龙湾区,蒲州街道,上庄村委会,120.746817,27.973957,"120.746817,27.933957","120.746817,28.013957","120.716817,27.973957","120.776817,27.973957"
179,浙江省,温州市,龙湾区,沙城镇,七三村委会,120.815553,27.891441,"120.815553,27.851441","120.815553,27.931441","120.785553,27.891441","120.845553,27.891441"
180,浙江省,温州市,龙湾区,温州经济技术开发区,富春社区,120.725706,27.995426,"120.725706,27.955426","120.725706,28.035426","120.695706,27.995426","120.755706,27.995426"
470,重庆市,重庆市,荣昌县,安富街道办事处,洗布潭村委会,105.476459,29.36265,"105.476459,29.32265","105.476459,29.40265","105.446459,29.36265","105.506459,29.36265"
469,重庆市,重庆市,荣昌县,昌州街道办事处,黄金坡社区居委会,105.907565,29.962239,"105.907565,29.922239","105.907565,30.002239","105.877565,29.962239","105.937565,29.962239"
472,重庆市,重庆市,荣昌县,荣隆镇,沙坝子村委会,105.457355,29.438679,"105.457355,29.398679","105.457355,29.478679","105.427355,29.438679","105.487355,29.438679"
471,重庆市,重庆市,荣昌县,吴家镇,人和社区居委会,105.40244,29.638822,"105.40244,29.598822","105.40244,29.678822","105.37244,29.638822","105.43244,29.638822"
467,重庆市,重庆市,潼南县,柏梓镇,龙口村委会,105.693856,30.119495,"105.693856,30.079495","105.693856,30.159495","105.663856,30.119495","105.723856,30.119495"
466,重庆市,重庆市,潼南县,龙形镇,高桥村委会,105.899965,30.235418,"105.899965,30.195418","105.899965,30.275418","105.869965,30.235418","105.929965,30.235418"
468,重庆市,重庆市,潼南县,小渡镇,双屋村委会,105.618783,29.41539,"105.618783,29.37539","105.618783,29.45539","105.588783,29.41539","105.648783,29.41539"
465,重庆市,重庆市,潼南县,梓潼街道办事处,岩湾社区居委会,105.847698,30.174998,"105.847698,30.134998","105.847698,30.214998","105.817698,30.174998","105.877698,30.174998"
475,重庆市,重庆市,秀山土家族苗族自治县,峨溶镇,峨溶居委会,109.299252,28.570665,"109.299252,28.530665","109.299252,28.610665","109.269252,28.570665","109.329252,28.570665"
476,重庆市,重庆市,秀山土家族苗族自治县,膏田乡,道罗村委会,108.85883,28.492123,"108.85883,28.452123","108.85883,28.532123","108.82883,28.492123","108.88883,28.492123"
474,重庆市,重庆市,秀山土家族苗族自治县,清溪场镇,南丘村委会,109.025321,28.498315,"109.025321,28.458315","109.025321,28.538315","108.995321,28.498315","109.055321,28.498315"
473,重庆市,重庆市,秀山土家族苗族自治县,中和镇,建设社区居委会,109.003251,28.45782,"109.003251,28.41782","109.003251,28.49782","108.973251,28.45782","109.033251,28.45782"
